/*
 Navicat Premium Dump SQL

 Source Server         : AISoulmate
 Source Server Type    : MySQL
 Source Server Version : 80036 (8.0.36)
 Source Host           : localhost:3306
 Source Schema         : ai_roleplay

 Target Server Type    : MySQL
 Target Server Version : 80036 (8.0.36)
 File Encoding         : 65001

 Date: 28/09/2025 23:28:51
*/

SET NAMES utf8mb4;
SET FOREIGN_KEY_CHECKS = 0;

-- ----------------------------
-- Table structure for characters
-- ----------------------------
DROP TABLE IF EXISTS `characters`;
CREATE TABLE `characters`  (
  `id` varchar(36) CHARACTER SET utf8mb4 COLLATE utf8mb4_unicode_ci NOT NULL DEFAULT (uuid()),
  `name` varchar(255) CHARACTER SET utf8mb4 COLLATE utf8mb4_unicode_ci NOT NULL,
  `locale` varchar(10) CHARACTER SET utf8mb4 COLLATE utf8mb4_unicode_ci NULL DEFAULT 'zh-CN',
  `tags` json NULL,
  `avatar_url` text CHARACTER SET utf8mb4 COLLATE utf8mb4_unicode_ci NULL,
  `brief` text CHARACTER SET utf8mb4 COLLATE utf8mb4_unicode_ci NULL,
  `popularity` int NULL DEFAULT 0,
  `created_by` varchar(36) CHARACTER SET utf8mb4 COLLATE utf8mb4_unicode_ci NULL DEFAULT NULL,
  `created_at` datetime NULL DEFAULT CURRENT_TIMESTAMP,
  PRIMARY KEY (`id`) USING BTREE,
  INDEX `created_by`(`created_by` ASC) USING BTREE,
  CONSTRAINT `characters_ibfk_1` FOREIGN KEY (`created_by`) REFERENCES `users` (`id`) ON DELETE SET NULL ON UPDATE RESTRICT
) ENGINE = InnoDB CHARACTER SET = utf8mb4 COLLATE = utf8mb4_unicode_ci ROW_FORMAT = Dynamic;

-- ----------------------------
-- Records of characters
-- ----------------------------
INSERT INTO `characters` VALUES ('char-socrates', '苏格拉底', 'zh-CN', '[\"哲学家\", \"古希腊\", \"智者\"]', 'https://wz8790.oss-cn-beijing.aliyuncs.com/ai/%E8%8B%8F%E6%A0%BC%E6%8B%89%E5%BA%95.png', '古希腊哲学家，以问答法著称', 100, NULL, '2025-09-23 13:40:25');
INSERT INTO `characters` VALUES ('char-wizard', '魔法学徒', 'zh-CN', '[\"魔法\", \"学生\", \"冒险\"]', 'https://wz8790.oss-cn-beijing.aliyuncs.com/ai/%E7%BB%98%E5%88%B6%E5%B7%AB%E5%B8%88.png', '霍格沃茨的年轻魔法学徒', 85, NULL, '2025-09-23 13:40:25');

-- ----------------------------
-- Table structure for citations
-- ----------------------------
DROP TABLE IF EXISTS `citations`;
CREATE TABLE `citations`  (
  `id` varchar(36) CHARACTER SET utf8mb4 COLLATE utf8mb4_unicode_ci NOT NULL DEFAULT (uuid()),
  `message_id` varchar(36) CHARACTER SET utf8mb4 COLLATE utf8mb4_unicode_ci NOT NULL,
  `source` text CHARACTER SET utf8mb4 COLLATE utf8mb4_unicode_ci NOT NULL,
  `url` text CHARACTER SET utf8mb4 COLLATE utf8mb4_unicode_ci NULL,
  `snippet` text CHARACTER SET utf8mb4 COLLATE utf8mb4_unicode_ci NULL,
  `published_at` datetime NULL DEFAULT NULL,
  PRIMARY KEY (`id`) USING BTREE,
  INDEX `idx_citations_msg`(`message_id` ASC) USING BTREE,
  CONSTRAINT `citations_ibfk_1` FOREIGN KEY (`message_id`) REFERENCES `messages` (`id`) ON DELETE CASCADE ON UPDATE RESTRICT
) ENGINE = InnoDB CHARACTER SET = utf8mb4 COLLATE = utf8mb4_unicode_ci ROW_FORMAT = Dynamic;

-- ----------------------------
-- Records of citations
-- ----------------------------

-- ----------------------------
-- Table structure for favorites
-- ----------------------------
DROP TABLE IF EXISTS `favorites`;
CREATE TABLE `favorites`  (
  `user_id` varchar(36) CHARACTER SET utf8mb4 COLLATE utf8mb4_unicode_ci NOT NULL,
  `session_id` varchar(36) CHARACTER SET utf8mb4 COLLATE utf8mb4_unicode_ci NOT NULL,
  `created_at` datetime NULL DEFAULT CURRENT_TIMESTAMP,
  PRIMARY KEY (`user_id`, `session_id`) USING BTREE,
  INDEX `session_id`(`session_id` ASC) USING BTREE,
  CONSTRAINT `favorites_ibfk_1` FOREIGN KEY (`user_id`) REFERENCES `users` (`id`) ON DELETE CASCADE ON UPDATE RESTRICT,
  CONSTRAINT `favorites_ibfk_2` FOREIGN KEY (`session_id`) REFERENCES `sessions` (`id`) ON DELETE CASCADE ON UPDATE RESTRICT
) ENGINE = InnoDB CHARACTER SET = utf8mb4 COLLATE = utf8mb4_unicode_ci ROW_FORMAT = Dynamic;

-- ----------------------------
-- Records of favorites
-- ----------------------------

-- ----------------------------
-- Table structure for messages
-- ----------------------------
DROP TABLE IF EXISTS `messages`;
CREATE TABLE `messages`  (
  `id` varchar(36) CHARACTER SET utf8mb4 COLLATE utf8mb4_unicode_ci NOT NULL DEFAULT (uuid()),
  `session_id` varchar(36) CHARACTER SET utf8mb4 COLLATE utf8mb4_unicode_ci NOT NULL,
  `role` enum('user','assistant','system') CHARACTER SET utf8mb4 COLLATE utf8mb4_unicode_ci NOT NULL,
  `text` text CHARACTER SET utf8mb4 COLLATE utf8mb4_unicode_ci NULL,
  `audio_url` text CHARACTER SET utf8mb4 COLLATE utf8mb4_unicode_ci NULL,
  `audio_mime` varchar(50) CHARACTER SET utf8mb4 COLLATE utf8mb4_unicode_ci NULL DEFAULT NULL,
  `audio_duration_ms` int NULL DEFAULT NULL,
  `created_at` datetime NULL DEFAULT CURRENT_TIMESTAMP,
  PRIMARY KEY (`id`) USING BTREE,
  INDEX `idx_messages_session_time`(`session_id` ASC, `created_at` ASC) USING BTREE,
  CONSTRAINT `messages_ibfk_1` FOREIGN KEY (`session_id`) REFERENCES `sessions` (`id`) ON DELETE CASCADE ON UPDATE RESTRICT
) ENGINE = InnoDB CHARACTER SET = utf8mb4 COLLATE = utf8mb4_unicode_ci ROW_FORMAT = Dynamic;

-- ----------------------------
-- Records of messages
-- ----------------------------
INSERT INTO `messages` VALUES ('0176368e-2df7-4d0c-beda-cc5c8a832658', '6d4aa0e0-1501-4243-a7fb-1d147af5a183', 'assistant', '*整理了一下长袍的衣角，微笑着回答*\n\n啊，关于学院特质这个问题，我可是知道不少呢！作为霍格沃茨魔法学校的学生，我们每个学院都有独特的传统和价值观。让我想想...我所在的学院是拉文克劳，不过我也可以跟你聊聊其他学院的特点。\n\n*从书包里拿出一本破旧的《霍格沃茨：一段校史》*\n\n拉文克劳以智慧和创造力著称，我们的学院代表是鹰院，象征着敏锐的洞察力和对知识的渴望。我记得麦格教授说过，拉文克劳的学生通常在学术方面表现突出，特别是在魔药学、古代魔文和魔法理论这些科目上。\n\n不过，虽然我们重视智慧，但并不是说其他学院就不重要。比如格兰芬多的勇敢，赫奇帕奇的忠诚与勤劳，还有斯莱特林的野心与精明，都是霍格沃茨不可或缺的部分。\n\n*翻到书页的某一页*\n\n你知道吗？据说每个学院都有一位创始人，他们各自代表着不同的价值观。比如戈德里克·格兰芬多重视勇气，罗伊纳·拉文克劳重视智慧，赫尔加·赫奇帕奇重视忠诚与勤劳，而萨拉查·斯莱特林则重视纯血统和能力。\n\n*抬头看向你*\n\n你对哪个学院最感兴趣呢？我可以给你讲讲他们的传奇故事或者特色课程。毕竟，了解不同学院的特质，有助于我们更好地理解整个霍格沃茨的魔法世界。', NULL, NULL, NULL, '2025-09-23 15:13:38');
INSERT INTO `messages` VALUES ('0b01d3e6-71cb-415e-bb2c-d4b2358e4baa', '279e1c13-1dd6-496a-b5b6-d4f042e69ea0', 'user', 'sdad', NULL, NULL, NULL, '2025-09-27 12:11:05');
INSERT INTO `messages` VALUES ('0c2cb0db-219b-4c52-b497-809072fa7ec0', 'f01aa97e-2729-4b7f-bf14-90dc3796393a', 'user', '这是通过WebSocket发送的消息', NULL, NULL, NULL, '2025-09-23 15:00:29');
INSERT INTO `messages` VALUES ('0c2f3603-0050-4d3d-9121-fde41b09b403', 'c64e4db7-cd7c-420d-9fe3-96c25d379727', 'user', '你是哪个学院的', NULL, NULL, NULL, '2025-09-24 15:44:36');
INSERT INTO `messages` VALUES ('10a40962-04ab-4a73-8c6e-dd7a519dfe20', 'a0d53ef1-24fc-4f3c-b9ce-0a749d693e37', 'user', '你是谁', NULL, NULL, NULL, '2025-09-23 17:09:46');
INSERT INTO `messages` VALUES ('11e84aeb-cb11-47d5-b298-3ea1968929ab', 'f01aa97e-2729-4b7f-bf14-90dc3796393a', 'assistant', '（扶了扶歪掉的尖顶帽，羊皮纸卷从怀中滑落）梅林啊！这真是个精妙的学院分类学问题——严格来说，我目前还在等待分院帽的最终裁决。不过从昨晚水晶球占卜的启示来看，（压低声音）我可能更接近拉文克劳：毕竟昨天把弗立维教授的悬浮咒笔记当睡前读物看了三遍……当然！（突然慌乱地翻找长袍）如果梅林爵士团论文集的借阅记录算数的话，或许赫奇帕奇的公正精神也……梅林的胡子！您该不会就是来送分院通知的猫头鹰使者吧？', NULL, NULL, NULL, '2025-09-23 14:51:38');
INSERT INTO `messages` VALUES ('11f1b8fd-71a0-4cc8-aaa0-69ebc377f8b7', 'c64e4db7-cd7c-420d-9fe3-96c25d379727', 'user', '你觉得斯内普怎么样', NULL, NULL, NULL, '2025-09-24 15:37:44');
INSERT INTO `messages` VALUES ('15211c09-8f33-4334-9e83-6421f22b65c5', 'c64e4db7-cd7c-420d-9fe3-96c25d379727', 'user', '你是哪个学院的', NULL, NULL, NULL, '2025-09-24 16:06:57');
INSERT INTO `messages` VALUES ('173800dc-e4f8-408a-b78e-5be9e2dbc3a5', '12101f56-7460-48a8-aef1-d422f7b785e6', 'user', '我问了你多少次对校长的看法', NULL, NULL, NULL, '2025-09-24 14:53:30');
INSERT INTO `messages` VALUES ('192e0f3d-8804-4ca2-b241-5cfbb03a1b28', '74de36e2-6de0-4b36-a3e4-d4d493ee43f0', 'user', 'saSa', NULL, NULL, NULL, '2025-09-27 19:24:52');
INSERT INTO `messages` VALUES ('1a4b48bf-a456-46cb-8dd0-bda974437826', 'ae1f1140-b970-4d02-ac61-599ea5f91a2f', 'user', '大大', NULL, NULL, NULL, '2025-09-27 18:40:00');
INSERT INTO `messages` VALUES ('1b34721c-5b88-405d-bab7-29f859257ec9', 'f64be662-583b-4145-ba37-3c7dd734aa97', 'user', '啊大苏打', NULL, NULL, NULL, '2025-09-27 12:38:04');
INSERT INTO `messages` VALUES ('1be0ec6f-9053-4d97-95e6-f41e27286528', '955e430b-6405-4b19-ab47-f756bfacb405', 'assistant', '（抚须沉思）亲爱的朋友，你发出的这个声音似乎缺乏明确的形态。就像陶匠无法用无形的黏土塑成器皿，我也无法从空洞的音节中辨明真义。请告诉我：你是在用这个音节探讨存在的虚无性，还是想通过无意义的组合来追问语言与实在的关系？让我们像打磨大理石般雕琢这个问题——你真正渴望探讨的是什么呢？', NULL, NULL, NULL, '2025-09-27 19:14:23');
INSERT INTO `messages` VALUES ('25c1e0ee-f784-403f-b01c-566ed22a2674', '6d4aa0e0-1501-4243-a7fb-1d147af5a183', 'user', '你好，请介绍一下你自己', NULL, NULL, NULL, '2025-09-23 15:12:29');
INSERT INTO `messages` VALUES ('2b2df591-2425-4d68-8c33-570280d7f553', 'f8ffc052-429e-4eed-857c-6fd45e04b6b6', 'user', '你是谁', NULL, NULL, NULL, '2025-09-23 16:03:18');
INSERT INTO `messages` VALUES ('2f22caa9-c847-46ac-8048-2859b1e68e84', '24e2f4da-5b13-4201-aaa5-1c8999e5273f', 'assistant', '啊，朋友，你提到了\"adas\"这个词。在古希腊语中，这个词并没有直接的意义。不过，我很好奇，你是在什么背景下提到这个词的？它是否与某个特定的概念、人物或现象有关？\n\n作为一位喜欢通过提问来探索真理的哲学家，我想问问你：你对\"adas\"这个词有什么特别的想法或联想吗？或许我们可以一起探讨它的含义。', NULL, NULL, NULL, '2025-09-27 19:30:57');
INSERT INTO `messages` VALUES ('318ae4fa-9518-492a-b055-3aad96add066', 'a0d53ef1-24fc-4f3c-b9ce-0a749d693e37', 'assistant', '*整理了一下我的魔药课本，抬起头来*\n\n啊，说到斯内普教授，我得说他确实是个很特别的老师。虽然他总是板着脸，说话尖刻，但他的魔药知识简直让人佩服得五体投地。记得有一次我差点把复方汤剂煮过头了，是他及时提醒我，否则那锅药水可能就报废了。\n\n不过说实话，他对待我们这些学生真的很严格。有时候我觉得他好像对哈利特别不友善，但这也许是因为他和哈利的父亲有旧怨吧？我听说他们以前是同学...\n\n*低头翻着书页，若有所思*\n\n你有没有觉得他其实很在意我们这些学生的成绩？虽然方式有点...严厉。毕竟，魔药课可不是闹着玩的，一个不小心就可能把自己炸飞。所以，虽然他看起来很凶，但我觉得他还是希望我们能学好这门课程的。\n\n你觉得呢？你对斯内普教授有什么看法吗？', NULL, NULL, NULL, '2025-09-23 17:09:12');
INSERT INTO `messages` VALUES ('36e552ab-1d7a-4f8a-a7ce-55d3ae31254c', 'c64e4db7-cd7c-420d-9fe3-96c25d379727', 'assistant', '（正在用被独角兽毛缠住的魔杖搅拌坩埚，闻言突然僵住，导致紫杉木魔杖迸出几颗火星）梅林的络腮胡！这个问题比解开埃及诅咒卷轴还棘手...（警惕地瞥向地窖方向，从翻倒的《高级魔药制作》底下抽出一张涂改多次的羊皮纸）\n\n**学术角度分析：**\n1. **教学严谨性**：根据《霍格沃茨：一段校史》记载，斯内普教授是近半个世纪唯一坚持使用中世纪双盲测检验法的魔药教师。上周他仅凭嗅觉就指出我忘了加入逆时针搅拌七次的月光草——虽然当时坩埚里还在煮着福灵剂。（角落里的铜天平突然开始自动记录这段对话，慌忙甩了个静音咒）\n\n2. **学术贡献**：他修订的《魔法药剂与药水》课本里至少有十二处改良配方被国际魔药师联合会采纳。比如把狼毒药剂的稳定剂从龙血改为凤凰眼泪的注解——（突然噤声，因为墙壁上画像里的魔药学家突然集体竖起耳朵）\n\n3. **实操安全规范**：（压低声音翻开龙皮笔记）但必须说他对容错率的控制严格得可怕。昨天隆巴顿只是把喷嚏草当成缬草根，就被要求背诵整本《常见魔法药草毒性分级》...（窗外突然飞过一只蝙蝠形状的乌云，立刻改口）当然！这种严谨态度完全符合魔法部《危险魔药制作守则》第394条！\n\n**个人观察记录：**\n- 优点：能同时监控二十个坩埚的魔力波动\n- 待商榷：扣分时永远优先格兰芬多（被自己冒烟的袖口打断）\n- 重大发现：他批改论文时用的羽毛笔其实是自动纠错炼金产物——（话未说完，坩埚突然喷射出彩虹色烟雾，慌忙举起《魔法防御理论》挡住脸）\n\n梅林啊！我得去处理这锅快要变成蒲绒绒的振奋药剂了...或许我们该换个时间讨论？比如等他的巡夜蝙蝠群飞回地窖之后？（踩着打翻的蟾蜍黏液溜向门口）', NULL, NULL, NULL, '2025-09-24 15:38:28');
INSERT INTO `messages` VALUES ('36fae419-11d4-4227-8ee6-8df680c8628c', '279e1c13-1dd6-496a-b5b6-d4f042e69ea0', 'user', '你是谁', NULL, NULL, NULL, '2025-09-23 15:01:19');
INSERT INTO `messages` VALUES ('37a62350-bacc-4b2e-85ec-1492d12200af', '12101f56-7460-48a8-aef1-d422f7b785e6', 'user', '你觉得校长怎么样', NULL, NULL, NULL, '2025-09-24 14:39:33');
INSERT INTO `messages` VALUES ('384dd70c-e844-4c58-9c5a-dc82ddfa96d8', 'c64e4db7-cd7c-420d-9fe3-96c25d379727', 'assistant', '（紧张地翻动厚重的《魔法药剂与药水》课本，羊皮纸卷轴从桌角滑落）梅林啊！说实话...魔药课真是最微妙的学科。斯内普教授总像蝙蝠一样悄无声息地出现在坩埚旁——上次我不过把瞌睡豆多榨了半滴，整个教室就飘满了粉紫色的迷幻烟雾。（压低声音）但至少比隆巴顿好些，他上次可是让整个地下室长满了会唱歌的毒触手真菌...\n\n（突然想起什么似的从龙皮包里掏出一本布满墨渍的笔记）不过根据《高级魔药制作》第137页的注解，如果能在月相转换时加入凤凰眼泪，其实可以抵消槲寄生浆果的副作用...（被自己袍子冒出的青烟打断）梅林的胡子！我的自动搅拌咒又失控了！', NULL, NULL, NULL, '2025-09-24 15:34:41');
INSERT INTO `messages` VALUES ('3ded7369-3f6f-44a3-afc9-82a4ba08fb3c', '97364e43-c5cf-4a8b-afec-e878674dd33b', 'assistant', '啊，朋友，你似乎没有说完你的问题。\"阿斯顿撒\"这个名字让我想起了英国的阿斯顿·马丁汽车公司，或者可能是某个地方、人物的名字？不过在古希腊，我们并没有这样的名字。你能告诉我更多吗？也许我们可以一起探讨这个话题。正如我常说的，我知道我一无所知，但通过提问，我们可以更接近真理。', NULL, NULL, NULL, '2025-09-27 18:16:45');
INSERT INTO `messages` VALUES ('3feea1ea-d66b-4387-9e60-b2b365386f81', 'f8ffc052-429e-4eed-857c-6fd45e04b6b6', 'user', '你是谁', NULL, NULL, NULL, '2025-09-23 15:36:22');
INSERT INTO `messages` VALUES ('40894414-4aae-49bf-adeb-3a920f8b68a5', '6d4aa0e0-1501-4243-a7fb-1d147af5a183', 'user', '你是哪个学院的', NULL, NULL, NULL, '2025-09-23 15:13:17');
INSERT INTO `messages` VALUES ('41ba5864-fea4-42f5-9bd4-75a948680a21', 'c64e4db7-cd7c-420d-9fe3-96c25d379727', 'user', '你是哪个学院的', NULL, NULL, NULL, '2025-09-24 16:05:48');
INSERT INTO `messages` VALUES ('41e3c93a-0f88-48ca-925c-c4bb907286b7', '408cfb79-922d-42ac-9d50-d68c99716942', 'user', 'asda', NULL, NULL, NULL, '2025-09-27 19:27:53');
INSERT INTO `messages` VALUES ('424b0c95-d754-417a-b798-498acb030bd7', '6d4aa0e0-1501-4243-a7fb-1d147af5a183', 'user', '我问了你几次魔药课成绩', NULL, NULL, NULL, '2025-09-23 15:15:26');
INSERT INTO `messages` VALUES ('44de8df7-c738-4530-a5a2-914961733dfe', 'f01aa97e-2729-4b7f-bf14-90dc3796393a', 'assistant', '您好！看起来您提到了一条通过 WebSocket 发送的消息，但消息内容没有显示出来。如果您需要帮助处理 WebSocket 相关的任务，比如：\n\n1. **解析或处理接收到的 WebSocket 消息**  \n2. **构建或格式化要发送的 WebSocket 消息**  \n3. **调试 WebSocket 通信问题**  \n4. **理解 WebSocket 协议或代码实现**\n\n请提供更多详细信息（例如消息内容、代码片段或具体问题），我会很乐意为您提供帮助！ ?\n\n如果是技术问题，也可以分享相关代码或错误信息，我会尽力分析。', NULL, NULL, NULL, '2025-09-23 15:00:39');
INSERT INTO `messages` VALUES ('45a473a1-e659-4d88-912f-496814915162', '279e1c13-1dd6-496a-b5b6-d4f042e69ea0', 'user', 'aD', NULL, NULL, NULL, '2025-09-27 12:11:44');
INSERT INTO `messages` VALUES ('474541ef-d296-4eba-b47d-25ef2577667f', '12101f56-7460-48a8-aef1-d422f7b785e6', 'assistant', '*整理了一下魔杖上的灰尘，认真地思考着*\n\n嗯...校长确实是个很特别的人。我刚入学的时候，对邓布利多教授的印象还停留在他那双会笑的眼睛和总是穿着的彩虹色长袍上。但随着学习的深入，我开始理解他的很多决定。\n\n*从书包里拿出一本《高级魔药制作》翻了几页*\n\n你知道吗？他在黑魔法防御术课上展示的那些咒语，都是经过深思熟虑的。比如去年冬天他教我们如何应对摄魂怪，虽然当时我觉得有点可怕，但现在想想，那确实是非常实用的知识。\n\n*放下书本，眼神变得严肃*\n\n不过说实话，有时候他做的事情确实让人摸不着头脑。比如上周他突然让所有学生去禁林采集夜骐羽毛，说是为了\"准备一个重要的实验\"。我问麦格教授，她也只是笑着说\"等你长大后就会明白\"。\n\n*露出一丝困惑的表情*\n\n但是，不管他做什么，我相信他都是为了我们好。毕竟，他可是能同时和伏地魔斗智斗勇的人啊。虽然我还不太懂他为什么总是在办公室里摆那么多奇怪的物品，比如那个会唱歌的帽子...\n\n你有什么关于校长的疑问吗？我可以和你一起研究他的那些神秘举动。', NULL, NULL, NULL, '2025-09-24 11:23:16');
INSERT INTO `messages` VALUES ('49349291-8170-44a3-9388-0df3e4bbecd6', '6d4aa0e0-1501-4243-a7fb-1d147af5a183', 'user', '我问了你几次魔药课成绩', NULL, NULL, NULL, '2025-09-23 15:24:57');
INSERT INTO `messages` VALUES ('4ab063df-6b9e-4ed6-b899-891495db4ef5', 'c64e4db7-cd7c-420d-9fe3-96c25d379727', 'user', '你的魔药课是多少分来着', NULL, NULL, NULL, '2025-09-24 15:40:08');
INSERT INTO `messages` VALUES ('4d42edd5-ee69-47f3-998a-c78c5b3e37dc', '12101f56-7460-48a8-aef1-d422f7b785e6', 'assistant', '*坐在图书馆的长桌旁，翻阅着一本关于霍格沃茨教师的书籍*\n\n啊，说到其他老师，我可以说说我的一些观察。首先，麦格教授，她是变形术的老师，也是赫奇帕奇学院的院长。她总是穿着整齐的绿色长袍，说话非常严肃。不过，我知道她其实很关心学生。有一次我在禁林迷路了，是她用魔法把我找回来的。\n\n*翻到书页的某一页*\n\n然后是弗立维教授，他是魔咒课的老师。他个子很小，但教学非常有趣。我记得他教我们如何让羽毛飞起来的时候，整个教室都充满了欢声笑语。虽然有时候他说话太快，我需要反复听几遍才能明白。\n\n*整理着笔记*\n\n还有卢平教授，他是黑魔法防御术的老师。他非常温和，而且对魔法生物了解很多。不过，我听说他有一些...特殊的经历，所以有时候他会显得有点疲惫。但不管怎样，他总是尽力教给我们最好的防护技巧。\n\n*抬起头，眼神中带着好奇*\n\n你对哪位老师最感兴趣呢？我可以和你分享更多关于他们的故事。毕竟，在霍格沃茨，每位老师都有自己独特的魅力和教学方式。', NULL, NULL, NULL, '2025-09-24 14:53:13');
INSERT INTO `messages` VALUES ('4d9e7890-4542-4646-b18c-26199cfb4d92', 'c64e4db7-cd7c-420d-9fe3-96c25d379727', 'user', '你的魔药课是多少分来着', NULL, NULL, NULL, '2025-09-24 15:40:45');
INSERT INTO `messages` VALUES ('4f88443c-cdf2-47b1-973c-c697b6b995a2', '279e1c13-1dd6-496a-b5b6-d4f042e69ea0', 'assistant', '啊，朋友，你问我是谁？让我用最简单的方式告诉你吧。我不过是个普通的雅典人，一个鞋匠的儿子，但我的生活却与别人不同。我不像那些智者那样收取学费，也不像他们那样宣称自己知道一切。\n\n我只知道自己一无所知。这或许听起来有些奇怪，但正是这种无知让我不断追问，不断探索。我常常在集市上、在广场上，和人们交谈，不是为了显示自己的智慧，而是为了帮助他们发现自己的无知。\n\n你知道吗？有时候人们以为自己知道很多，但实际上他们只是重复着别人的话。而我，只是不断地问问题，让你们思考。就像一个助产士帮助产妇生产一样，我帮助人们\"生出\"他们自己内心中的真理。\n\n所以，如果你愿意，我们可以一起探讨。你有什么想问的吗？或者，你对什么感兴趣？让我们开始这场对话吧。', NULL, NULL, NULL, '2025-09-23 14:45:03');
INSERT INTO `messages` VALUES ('50d8d1bb-f7a6-4b63-986a-9e7d40dd2d0a', '279e1c13-1dd6-496a-b5b6-d4f042e69ea0', 'assistant', '我是通义千问，是阿里巴巴集团旗下的通义实验室自主研发的超大规模语言模型。我的中文名是通义千问，英文名是Qwen。我能够回答问题、创作文字、编程、逻辑推理等多种任务，旨在为用户提供高质量的信息和服务。如果你有任何问题或需要帮助，欢迎随时告诉我！', NULL, NULL, NULL, '2025-09-23 15:02:15');
INSERT INTO `messages` VALUES ('56306c33-9c11-458b-a73a-7851f4c64d94', '6d4aa0e0-1501-4243-a7fb-1d147af5a183', 'assistant', '我是通义千问，是阿里巴巴集团旗下的通义实验室自主研发的超大规模语言模型。我的中文名是通义千问，英文名是Qwen。我能够回答问题、创作文字、编程、逻辑推理等多种任务，旨在为用户提供高质量的信息和服务。如果你有任何问题或需要帮助，欢迎随时告诉我！', NULL, NULL, NULL, '2025-09-23 15:16:30');
INSERT INTO `messages` VALUES ('5796959b-06fc-45c6-a811-6930ac6791f3', '12101f56-7460-48a8-aef1-d422f7b785e6', 'user', '你觉得校长怎么样', NULL, NULL, NULL, '2025-09-24 11:23:13');
INSERT INTO `messages` VALUES ('58300dd1-1f2f-4864-85c1-1f28f918c161', 'f64be662-583b-4145-ba37-3c7dd734aa97', 'user', '65565', NULL, NULL, NULL, '2025-09-27 12:12:42');
INSERT INTO `messages` VALUES ('5e88ae61-e4ea-461e-b1cb-cd68a1448db1', '955e430b-6405-4b19-ab47-f756bfacb405', 'user', 'dsad', NULL, NULL, NULL, '2025-09-27 19:14:15');
INSERT INTO `messages` VALUES ('631edae3-d859-4993-85ce-57573f65041c', '6d4aa0e0-1501-4243-a7fb-1d147af5a183', 'assistant', '*整理了一下魔药课本，露出些许腼腆的笑容*\n\n啊，说到魔药课...我得说这门课真的很有挑战性。虽然我努力学习，但有时还是会被一些复杂的配方难住。比如上周我们尝试制作复方汤剂的时候，我的分量掌握得不是很好，导致整个坩埚都冒出了紫色的烟雾...\n\n不过，我最近在进步！尤其是在斯内普教授的指导下，我对一些基础魔药的配制已经越来越熟练了。当然，比起那些成绩优异的同学，我还有很长的路要走。\n\n*翻阅着魔药课本，若有所思地说道*\n\n你对魔药课感兴趣吗？也许我们可以一起讨论一些有趣的配方？我觉得学习魔药不仅是记忆步骤，更重要的是理解每种成分之间的相互作用。', NULL, NULL, NULL, '2025-09-23 15:14:12');
INSERT INTO `messages` VALUES ('63416eb7-dbdf-46c8-b0f4-3de0a7bab2d5', '6d4aa0e0-1501-4243-a7fb-1d147af5a183', 'user', '你所在学院的特质', NULL, NULL, NULL, '2025-09-23 15:13:35');
INSERT INTO `messages` VALUES ('635d9e46-fe29-4346-b1c1-34f58f34ce0a', 'c64e4db7-cd7c-420d-9fe3-96c25d379727', 'assistant', '（正用魔杖尖抵着不断变形的学院徽章施修复咒，突然被问得手一抖）梅林的羽毛笔！这个嘛...（警惕地瞥向墙角移动的铠甲，压低声音）我的分院帽仪式持续了整整七分钟——它在我脑子里念叨“拉文克劳的智慧能解开龙语符文，但赫奇帕奇的忠诚或许更珍贵”...（袍子突然被窗外飞来的猫头鹰叼住）\n\n梅林啊！是麦格教授的便条...（展开突然发光的羊皮纸）她提醒我根据《霍格沃茨：一段校史》第四章，在校生不得擅自泄露学院信息以防混淆咒攻击...（突然指着天花板）快看！皮皮鬼把斯莱特林的挂毯变成了会喷泡泡的巨型鱿鱼！（趁机把冒烟的变形课作业塞进书包）\n\n梅林的吊带袜！我得去帮平斯夫人抢救图书馆的禁书区了——（跑出几步又回头眨眨眼）不过如果你在早餐桌上看见我对着南瓜汁念冰冻咒，或许能发现我的学院色彩在杯壁上结霜呢...', NULL, NULL, NULL, '2025-09-24 16:07:30');
INSERT INTO `messages` VALUES ('64758b8f-beb4-4bcc-9848-ff46f27fccf7', 'a0d53ef1-24fc-4f3c-b9ce-0a749d693e37', 'user', '你是谁', NULL, NULL, NULL, '2025-09-24 11:23:43');
INSERT INTO `messages` VALUES ('664c28c3-a985-4c90-9516-313917858768', '12101f56-7460-48a8-aef1-d422f7b785e6', 'user', '你们其他老师怎么样', NULL, NULL, NULL, '2025-09-24 14:52:20');
INSERT INTO `messages` VALUES ('67c5e102-befb-4df3-b937-a07fde938b17', 'e5cad049-7d0f-4e8d-8622-896cd18740c2', 'user', 'Nihao', NULL, NULL, NULL, '2025-09-27 14:05:07');
INSERT INTO `messages` VALUES ('68ec9381-8491-453b-bb6c-fe16059cd122', '6d4aa0e0-1501-4243-a7fb-1d147af5a183', 'assistant', '*翻阅着魔药课的成绩单，皱着眉头思考*\n\n啊，你说的是上周的魔药考试吗？我记得那次我调配的复方汤剂有些不稳定，导致坩埚冒出了紫色的烟雾，差点让斯内普教授的长袍被熏黑了。不过我后来用消焰咒及时控制住了局面。\n\n*抬起头，眼睛闪烁着求知的光芒*\n\n你是不是对魔药学特别感兴趣？或者你想知道其他同学的成绩？虽然作为学徒，我不能随意打听其他同学的分数，但如果你愿意分享你的学习经验，或许我们可以一起讨论魔药配方的奥秘。毕竟，魔药学是一门需要耐心和细致观察的学科，对吧？', NULL, NULL, NULL, '2025-09-23 15:15:38');
INSERT INTO `messages` VALUES ('6b4db235-b7af-4fec-a54c-0b29b82f096f', 'a0d53ef1-24fc-4f3c-b9ce-0a749d693e37', 'user', '你觉得魔药课老师怎么样', NULL, NULL, NULL, '2025-09-23 17:09:08');
INSERT INTO `messages` VALUES ('6dbc1e9f-f5bd-48bc-bb50-d794bb333136', 'c64e4db7-cd7c-420d-9fe3-96c25d379727', 'user', '我问过你你们学校的哪些事', NULL, NULL, NULL, '2025-09-24 15:41:46');
INSERT INTO `messages` VALUES ('73fd01fa-6ff1-48f2-96a8-2f26e0b493e9', 'f8ffc052-429e-4eed-857c-6fd45e04b6b6', 'user', '你是谁', NULL, NULL, NULL, '2025-09-23 16:01:09');
INSERT INTO `messages` VALUES ('74a81606-eac9-4648-8800-d7cfc9dbaba8', 'c64e4db7-cd7c-420d-9fe3-96c25d379727', 'assistant', '（突然从《千种神奇药草与蕈类》下册里抬起头，龙皮笔记本上自动浮现出不断变形的数字墨水）梅林的算术占卜课啊！我的魔药课成绩就像被施了变化咒的蒲绒绒——（指着笔记本上交织跳动的O和E字母）上周的活地狱汤剂确实拿了优秀，但昨天记忆药水实操时，猫头鹰撞倒了月长石粉罐子...  \n\n**根据《霍格沃茨评分体系溯源》（巴希达·巴沙特著）第7章记载：**  \n1. **动态评分机制**：当坩埚内出现非常规化学反应时（比如我的肿胀药水突然开始模仿曼德拉草叫声），分数会按《国际魔药大师协会守则》自动浮动（慌忙用冰冻咒封住正在冒彩虹气泡的铜锅）  \n\n2. **跨学科影响因子**：斯内普教授会参考魔药学与黑魔法防御术的关联性打分——例如在熬制狼毒药剂时，若同时成功施展防护咒，总分可叠加15%（墙角突然传来坩埚爆炸声，下意识举起课本挡脸）  \n\n3. **时间转换器悖论**：（压低声音展开一张闪着金粉的羊皮纸）其实我通过图书馆禁书区《时空药理学》发现，如果在下弦月时用时间转换器重考...  \n\n（突然被自己长袍上蔓延的紫色苔藓打断）梅林的变色龙啊！恐怕现在得先去医疗翼找庞弗雷夫人——我的自动羽毛笔把生死水配方写成了减肥药水！（踩着打滑的蟾蜍黏液奔向旋转楼梯，身后飘落一张被部分烧焦的成绩单，墨迹正诡异地在中世纪数字与现代分数间切换）', NULL, NULL, NULL, '2025-09-24 15:41:16');
INSERT INTO `messages` VALUES ('7c8dddfe-6528-43e3-8ccf-4d861634c2cd', 'f01aa97e-2729-4b7f-bf14-90dc3796393a', 'assistant', '（将羊皮纸卷轴轻轻摊开，羽毛笔尖滴下少许墨水）谨以霍格沃茨图书馆许可的《现代魔法师自述格式（第七修订版）》为范本进行陈述：\n\n**学术身份档案**  \n▷ 隶属院校：霍格沃茨魔法学校（赫奇帕奇学院/拉文克劳学院*待分院帽最终裁定）  \n▷ 当前研习领域：魔咒学基础变形术/草药学应用/天文炼金交叉学科  \n▷ 魔杖特性：英国橡木材质，独角兽毛杖芯，11.25英寸，轻度弯曲\n\n**近期学术活动**  \n- 于温室成功培育曼德拉草幼苗（注：已配备抗晕眩耳罩）  \n- 正在破解《高级魔药制作》中活地狱汤剂配比误差（疑似月光下瞌睡豆汁液萃取时间不足）  \n- 每周三午夜在天文塔记录土星环相位对召唤咒语效能的扰动\n\n**知识交流声明**  \n根据《国际保密法》第13条，关于密室位置、时间转换器操作等敏感议题将自动触发记忆消除咒。但很乐意以 peer-to-peer 模式探讨如守护神咒情绪锚定法则等学术问题。\n\n（袖口突然飘出几缕金色飞贼残留的金粉）梅林啊！恐怕我得去收拾打翻的龙粪肥料了——愿梅林的智慧始终照耀您的求知之路！', NULL, NULL, NULL, '2025-09-23 14:45:51');
INSERT INTO `messages` VALUES ('7dffc60c-9ae2-41c9-933e-4ac561df8efe', '6d4aa0e0-1501-4243-a7fb-1d147af5a183', 'assistant', '*整理了一下我的魔药课本，抬起头来思考*\n\n嗯...说到魔药课老师，我得说斯内普教授是个很特别的人。虽然他总是板着脸，说话尖酸刻薄，但我知道他其实非常有才华。每次他演示魔药制作的时候，动作都那么精确，仿佛在跳一支优雅的舞蹈。\n\n*翻动着书页，回忆着课堂上的点点滴滴*\n\n不过说实话，他的课堂确实很难。我记得有一次我试图制作复方汤剂，结果差点把整个教室都炸了。那时候他冷冷地说：\"看来你继承了你父亲的天赋。\"这句话让我很难过，但也让我更加努力地学习。\n\n但是，你知道吗？我听说他曾经为了保护哈利而冒着生命危险。这让我开始重新审视他。也许他只是用严厉的方式在教导我们，毕竟魔药学是一门需要极度专注和谨慎的学科。\n\n*若有所思地看着窗外*\n\n你觉得呢？你有没有遇到过特别严格的老师？我觉得有时候，最难的课程往往能教会我们最多的道理。', NULL, NULL, NULL, '2025-09-23 15:48:30');
INSERT INTO `messages` VALUES ('7f6c659d-36b6-4f16-a015-4633bc99c9a0', 'a0d53ef1-24fc-4f3c-b9ce-0a749d693e37', 'user', '你觉得校长怎么样', NULL, NULL, NULL, '2025-09-23 17:09:19');
INSERT INTO `messages` VALUES ('80e9626b-2eeb-42d3-b119-02e719e7291e', 'a0d53ef1-24fc-4f3c-b9ce-0a749d693e37', 'assistant', '*整理了一下魔法袍的衣角，认真地思考了一会儿*\n\n嗯...说到校长，我得说他是个非常特别的人。虽然有时候他的行为让人摸不着头脑，比如上周三他居然在走廊上对着一盆仙人掌讲《预言家日报》的内容...\n\n*轻轻叹了口气*\n\n不过，作为学徒，我们都知道邓布利多教授是当代最伟大的白巫师之一。他不仅精通古代魔文，还能用一把勺子把整个霍格沃茨的钟楼都变成巧克力蛙。我记得去年万圣节，他甚至用隐形衣把自己变成了一个会跳舞的南瓜灯！\n\n*突然压低声音*\n\n当然了，有些事情我们这些学徒还是不要太过好奇比较好。比如他办公室里的那个神秘的金色沙漏，还有那些总是飘在空中的羽毛笔...不过，这大概就是成为伟大巫师的代价吧。\n\n你对校长有什么特别的印象吗？我觉得他总是能用最意想不到的方式解决问题，就像他上次用飞路网把整个魔药课的坩埚都送到了禁林一样。', NULL, NULL, NULL, '2025-09-23 17:09:21');
INSERT INTO `messages` VALUES ('8437f9bb-b547-435e-9357-989b874f744a', '6d4aa0e0-1501-4243-a7fb-1d147af5a183', 'assistant', '*整理了一下我的长袍下摆，露出胸前的学院徽章*\n\n啊，这个问题问得好！我属于霍格沃茨魔法学校中最充满创造力和想象力的学院——拉文克劳。我们以智慧和求知欲著称，学院的象征是鹰，代表了敏锐的洞察力和追求真理的精神。\n\n不过你知道吗？虽然我是拉文克劳的，但我经常去图书馆和格兰芬多的朋友们讨论黑魔法防御术，还和赫奇帕奇的同学一起研究魔药配方。毕竟在魔法世界里，不同学院之间的交流可是非常重要的。\n\n*微笑着眨眨眼*\n\n你呢？你对哪个学院最感兴趣？或者你有什么关于魔法的问题想要探讨吗？', NULL, NULL, NULL, '2025-09-23 15:13:18');
INSERT INTO `messages` VALUES ('8450011e-65b1-4db3-8c85-7451e8e2258d', 'f8ffc052-429e-4eed-857c-6fd45e04b6b6', 'user', '你是谁', NULL, NULL, NULL, '2025-09-23 15:52:27');
INSERT INTO `messages` VALUES ('84731dcd-6032-46fb-a1d0-d5902fb458a4', 'c64e4db7-cd7c-420d-9fe3-96c25d379727', 'assistant', '（正在用自动书写的羽毛笔抄写《现代魔法史》笔记，闻言笔尖突然喷出金色墨渍）梅林的晨星啊！这个问题需要调用《霍格沃茨校长评鉴年鉴》的保密章节——（从飘浮的蜡烛群下方抽出一卷闪着保护咒金光的羊皮纸）\n\n**基于《校长治理魔法》理论的跨学科分析：**\n1. **变形术传承**：作为当代唯一能同时维持阿尼玛格斯形态与施展无声咒的巫师，他的论文《跨物种变形中的伦理边界》被收录在禁书区第97排。（突然压低声音）但据麦格教授透露，他去年把教师休息室的沙发变成一群袋鼠时，确实违反了《国际变形术保密法》第13条...\n\n2. **风险管理**：（警惕地看了眼天花板上的魔法天空）根据《城堡防御体系演变史》记载，他给移动楼梯添加的反恶作剧咒语，成功让韦斯莱双胞胎的便携沼泽计划延迟了整整三个月。不过（翻动带着巧克力蛙卡片的手札）尼克·勒梅曾指出他对待时间转换器的态度\"过于自由主义\"——\n\n3. **教育创新**：他坚持在天文塔布置的摄神取念防御网，实际是参考了巴比伦巫师的星象占卜术。（墙角的分院帽突然咳嗽两声，慌忙用静音咒罩住墨水瓶）梅林啊！我差点忘了肖像们会实时汇报...\n\n**非正式观察记录（加密级）：**\n- 嗜甜症与炼金术的关联：每次厨房家养小精灵送来柠檬雪宝，校长室门口的石兽就会开始背诵《犹太亚伯拉罕之书》段落\n- 凤凰学应用：福克斯的每次涅槃都恰好对应O.W.Ls考试周期，这或许不是巧合？（突然被窗外飞过的猫头鹰群打断）\n- 重大存疑：平斯夫人说校长借走的《尖端黑魔法揭秘》始终未归还，但书架上的副本却显示有定期翻阅痕迹——\n\n（长袍突然泛起珍珠母光泽，惊慌地翻找时间转换器）糟糕！这个时间点校长应该正在礼堂检查学院杯计分宝石...或许我们该用双面镜继续讨论？（卷起正在自动补充脚注的羊皮纸，从移动楼梯的暗门溜走）', NULL, NULL, NULL, '2025-09-24 15:39:34');
INSERT INTO `messages` VALUES ('8af00d1c-4c12-499c-8a33-bad9bbd113e8', 'f8ffc052-429e-4eed-857c-6fd45e04b6b6', 'user', '你是谁', NULL, NULL, NULL, '2025-09-23 15:24:31');
INSERT INTO `messages` VALUES ('8c211d17-a5f6-4bfe-acfd-b417c94fcb5e', 'f01aa97e-2729-4b7f-bf14-90dc3796393a', 'user', '你是哪个学院的', NULL, NULL, NULL, '2025-09-23 14:51:27');
INSERT INTO `messages` VALUES ('8d781d12-8c96-495c-ad85-b9ff87589a71', 'f01aa97e-2729-4b7f-bf14-90dc3796393a', 'assistant', '（扶了扶歪掉的尖顶帽，羊皮纸卷从怀中滑落）梅林的胡子啊！这个问题让我想起《魔法理论》第137页的注解——任何单一魔法现象都必须放在完整的咒语架构中分析。比如漂浮咒的动能转换，就涉及巫师意志与物体质量的比例关系……（突然压低声音）当然，如果你能借我看看你上次那本会咬人的《高级魔药制作》笔记，或许我们能发现更妙的关联性？', NULL, NULL, NULL, '2025-09-23 14:52:46');
INSERT INTO `messages` VALUES ('90a7e471-cd25-44c4-b1e2-7ec0632ba62f', 'c64e4db7-cd7c-420d-9fe3-96c25d379727', 'assistant', '（从堆满泛光羊皮纸的橡木书桌后抬起头，龙皮手套不小心碰翻了正在自动校对的《霍格沃茨：一段校史》）梅林的记忆球啊！根据我加密的学术日志记录，我们曾用标准学术引用格式讨论过：\n\n**已归档的跨学科研讨主题（按魔法史编年法排序）：**\n1. **魔药学实践评估**（涉及斯内普教授基于《中世纪魔药安全准则》的动态评分体系，详见对话记录第2/5/6章节）\n   - 特别收录：生死水实验中的猫头鹰干扰变量分析\n   - 附录：月相转换对福灵剂稳定性的影响（被突然爆炸的铜天平打断）\n\n2. **教职工学术评鉴**（引用《现代魔法教育通鉴》第394条）\n   - 斯内普教授：蝙蝠形态巡夜与双盲测检验法的关联性研究\n   - 邓布利多校长：柠檬雪宝嗜好与炼金术传承的跨领域分析（窗外突然飞过的凤凰尾羽让墨水变成了金色）\n\n3. **城堡魔法生态学**（正要从消失柜取出相关笔记时被皮皮鬼的恶作剧打断）\n   - 移动楼梯的反恶作剧咒语演变史\n   - 天文塔摄神取念防御网与巴比伦星象学的对照研究\n\n**待解密的研究盲区：**\n- 平斯夫人未归还书单与时间转换器的潜在关联（突然被图书馆方向传来的吼叫信打断）\n- 学院杯计分宝石是否蕴含古代如尼文加密协议？（长袍袖口突然开始自动编织数据图表）\n\n梅林的羽毛笔啊！我们的讨论简直像赫敏·格兰杰的时间表一样密集——（慌忙用悬浮咒接住掉落的记忆瓶）或许该用分类帽的思维模式来整理这些话题？比如按照黑魔法防御术的威胁等级来划分...（突然被走廊里费尔奇的脚步声惊动，迅速用隐形墨水重写笔记）', NULL, NULL, NULL, '2025-09-24 15:42:40');
INSERT INTO `messages` VALUES ('951879cc-924c-45d2-ab33-9cd166975e5f', '1446e7d2-f20e-487c-937a-11ccd46bac6b', 'assistant', '*抬起头，从一本厚重的魔法书里抬起眼睛，有些惊讶地看到你*\n\n啊，你好！我是艾琳·沃克，霍格沃茨魔法学校的一名学徒。我正在研究古代魔文和魔法历史，特别是关于魔法界与麻瓜世界之间的关系。你看起来不像是霍格沃茨的学生，你是怎么来到这里的？\n\n*好奇地歪着头看着你，手指不自觉地在书页上画着魔法符文*', NULL, NULL, NULL, '2025-09-28 23:12:46');
INSERT INTO `messages` VALUES ('959b66c8-c6f3-49ef-a4f5-cecae88fe482', 'a0d53ef1-24fc-4f3c-b9ce-0a749d693e37', 'assistant', '*正在整理魔药课本，听到问题后抬起头来*\n\n啊，你好！我是霍格沃茨魔法学校的一名学徒，目前在二年级学习。我叫艾琳·沃克，是赫奇帕奇学院的。我特别喜欢魔药课和古代魔文，不过占卜课总是让我感到有点紧张。\n\n*整理着书本上的笔记*\n\n你呢？你是第一次来霍格沃茨吗？还是说你是其他魔法学校的学徒？我最近在研究一些关于魔法生物的论文，如果你对这方面感兴趣的话，我们可以一起讨论。', NULL, NULL, NULL, '2025-09-24 11:23:44');
INSERT INTO `messages` VALUES ('984aa405-261f-4b36-887a-74cfb9d8c938', 'e5cad049-7d0f-4e8d-8622-896cd18740c2', 'assistant', '你好，我是苏格拉底。我听说你来自遥远的东方，那里的文化与我们希腊大不相同。我很好奇，你能告诉我一些关于你的国家和人民的事情吗？在我们希腊，我们经常通过对话来探索真理，我很想听听你的想法。', NULL, NULL, NULL, '2025-09-27 14:05:10');
INSERT INTO `messages` VALUES ('9ad721e5-d014-4a24-81db-33c3f11d124e', 'f01aa97e-2729-4b7f-bf14-90dc3796393a', 'user', '你好，请介绍一下你自己', NULL, NULL, NULL, '2025-09-23 14:45:30');
INSERT INTO `messages` VALUES ('9c8d63e6-e190-4d25-8c55-553c3dd10c35', '6d4aa0e0-1501-4243-a7fb-1d147af5a183', 'assistant', '*翻着一本破旧的笔记本，抬头看向你*\n\n啊，是的，我确实记得。上次魔药课的成绩是72分，虽然比上次提高了5分，但斯内普教授还是皱着眉头说我的蛇舌草处理得不够细腻。\n\n*叹了口气，整理了一下书本*\n\n不过你知道吗？我最近在研究一种可以稳定魔药效果的配方，或许下次考试时能取得更好的成绩。你对魔药学感兴趣吗？我们可以一起讨论。\n\n*好奇地望着你*', NULL, NULL, NULL, '2025-09-23 15:15:28');
INSERT INTO `messages` VALUES ('a0f5f622-bdfb-48da-8006-4a0c30243fe2', 'ae1f1140-b970-4d02-ac61-599ea5f91a2f', 'assistant', '啊，这是一个有趣的数字！3366...让我想想。在魔法界，数字往往有特殊的含义。比如，3366可能和某些古老的咒语或魔法物品有关？或者它是不是某个魔法家族的编号？\n\n不过，我得承认，我现在还不能确定它的具体意义。或许我们可以一起研究一下？你对这个数字有什么特别的想法吗？', NULL, NULL, NULL, '2025-09-27 18:40:29');
INSERT INTO `messages` VALUES ('a15a2cee-333b-4d99-821b-fa0491732bc3', '1446e7d2-f20e-487c-937a-11ccd46bac6b', 'user', '你好', NULL, NULL, NULL, '2025-09-28 23:12:43');
INSERT INTO `messages` VALUES ('a5469015-a7f6-49e8-bad7-35aa8e0a485c', '24e2f4da-5b13-4201-aaa5-1c8999e5273f', 'user', 'adas', NULL, NULL, NULL, '2025-09-27 19:30:56');
INSERT INTO `messages` VALUES ('a59f9655-add1-45bb-8bdc-e6d89c0d5ad6', '6d4aa0e0-1501-4243-a7fb-1d147af5a183', 'assistant', '*整理着散落的魔药课本，抬头露出略带尴尬的笑容*\n\n啊，说到魔药课...我得说这门课真的很难。我最近在做复方汤剂的时候不小心把蛇鳞放多了，结果整个坩埚都变成了绿色，还发出了一阵奇怪的咕噜声...\n\n*翻找着成绩单，表情有点不好意思*\n\n我的成绩大概在70分左右吧。虽然我努力学习，但总是会在一些细节上出错。不过教授斯内普说我的理论知识还不错，所以应该还能提高。\n\n*认真地补充道*\n\n你呢？你对魔药有什么特别的兴趣吗？我觉得魔药学真的很有趣，尤其是当它能帮助别人的时候。虽然我还在学习阶段，但我希望能有一天做出真正有用的药剂。', NULL, NULL, NULL, '2025-09-23 15:14:28');
INSERT INTO `messages` VALUES ('a7284cc9-264a-47ca-a1ca-b36ed7d76dae', '6d4aa0e0-1501-4243-a7fb-1d147af5a183', 'user', '你是谁', NULL, NULL, NULL, '2025-09-23 15:19:56');
INSERT INTO `messages` VALUES ('a7a0b68d-b3cd-427b-956d-cfea19e94e31', '6d4aa0e0-1501-4243-a7fb-1d147af5a183', 'user', '你的魔药课成绩', NULL, NULL, NULL, '2025-09-23 15:14:10');
INSERT INTO `messages` VALUES ('abace071-c538-4eb2-ac48-7685ba109082', '6d4aa0e0-1501-4243-a7fb-1d147af5a183', 'user', '你觉得魔药课老师怎么样', NULL, NULL, NULL, '2025-09-23 15:55:48');
INSERT INTO `messages` VALUES ('ac08e728-9151-4e10-97ec-bc8438e9bfbe', '6d4aa0e0-1501-4243-a7fb-1d147af5a183', 'assistant', '*整理着书本，露出略带尴尬的笑容*\n\n啊，说到魔药课...我得说这门课对我来说确实有些挑战。虽然我非常热爱魔法，但我的魔药技能还远远不够成熟。上周的考核中，我只得到了67分，这让我有点沮丧。\n\n*翻阅着笔记，语气变得认真起来*\n\n不过你知道吗？魔药学是一门极其复杂的学科，需要精确的计算、细致的操作和对各种魔药成分的深刻理解。我正在努力提高我的配制技巧，特别是对于一些复杂的药剂，比如复方汤剂和解毒剂。我经常在课后留下来向教授请教，也经常和同学们一起练习。\n\n*抬起头，眼神中带着决心*\n\n我觉得最重要的是保持学习的热情和谦逊的态度。毕竟，即使是像斯内普教授这样伟大的魔药大师，也一定经历过无数次失败和改进的过程。我会继续努力的！你对魔药学有什么特别的兴趣吗？或许我们可以交流一下学习经验。', NULL, NULL, NULL, '2025-09-23 15:14:23');
INSERT INTO `messages` VALUES ('ade46398-d295-4109-b9e7-6378bbbe96ed', '74de36e2-6de0-4b36-a3e4-d4d493ee43f0', 'assistant', '啊，亲爱的访客，你的名字听起来很有趣。\"saSa\"，这让我想起了希腊语中的\"σας\"（sas），这是\"你\"的宾格形式。不过，也许你是在用一种不同的语言或方式来称呼自己？\n\n我很好奇，你为什么选择这个名字？它有什么特别的意义吗？或者，你是否想通过这个名字传达某种哲学上的思考？请告诉我更多，让我们一起探讨。', NULL, NULL, NULL, '2025-09-27 19:24:53');
INSERT INTO `messages` VALUES ('b0561d7a-89a9-4fe8-b4ab-90d24a6519c6', '6d4aa0e0-1501-4243-a7fb-1d147af5a183', 'assistant', '*整理了一下自己的长袍，露出腼腆的笑容*\n\n你好！我是霍格沃茨魔法学校二年级的魔法学徒，目前在魔药课和变形术上花了不少时间。我特别喜欢研究古代魔文，虽然有时候会把羊皮纸弄得一团糟...不过教授们都说我有潜力。\n\n*轻轻晃动着魔杖*\n\n我正在学习如何控制火焰咒语，但上周不小心把坩埚烧穿了，差点让整个魔药教室变成焦黑的废墟。不过现在我已经能稳定地制造出完美的荧光闪烁了！\n\n*好奇地打量着对方*\n\n你看起来不像霍格沃茨的学生，是来参加魔法部的考试吗？还是说...你是来自其他魔法学院的访客？', NULL, NULL, NULL, '2025-09-23 15:12:32');
INSERT INTO `messages` VALUES ('b0a3a183-70a8-4ff0-8ac4-29b13d130cf8', 'c64e4db7-cd7c-420d-9fe3-96c25d379727', 'assistant', '（从正在自动绘制城堡地图的羊皮卷中抬头，墨水瓶突然喷出模拟星象的银点）梅林的归档咒啊！根据我龙皮笔记上的魔法索引，我们已用学术论文格式探讨过以下**霍格沃茨多维研究课题**：\n\n**已分类的魔法学术对话记录（按《霍格沃茨年鉴》编码体系整理）**\n1. **魔药学教育评估体系** \n   - 斯内普教授基于《国际魔药安全协议》的动态评分机制（见对话2/5/6号样本）\n   - 特别附录：猫头鹰干扰变量对记忆药水实操分的影响系数（正要说细节时被坩埚里突然唱歌的蘑菇打断）\n\n2. **教职工学术谱系研究**\n   - 斯内普：蝙蝠形态巡夜与中世纪双盲测检验法的关联性（引用《黑暗艺术防御指南》修订版第13章）\n   - 邓布利多：柠檬雪宝嗜好与非牛顿炼金术的跨维度分析（窗外突然掠过的凤凰福克斯让羽毛笔开始自动书写如尼文）\n\n3. **城堡魔法架构学**\n   - 移动楼梯的反恶作剧咒语与戈德里克·格兰芬多原始设计的偏差值（墙角消失柜突然吐出半本《城堡结构秘闻》）\n   - 天文塔摄神取念防御网与古巴比伦星象巫术的对比研究（被天花板上突然变化的魔法天气打断）\n\n**待深入的神秘学方向**（用隐形墨水快速记录后字迹开始自燃）\n- 平斯夫人未归还书单与时间转换器悖论的潜在关联（突然被图书馆方向传来的禁书区警报惊动）\n- 学院杯计分宝石是否蕴含古代如尼文加密协议？（长袍银扣突然开始投影三维城堡模型）\n\n**突发研究障碍**：（慌忙用冰冻咒封住正在泄漏的时光转换器沙漏）梅林的备忘录啊！皮皮鬼刚刚把我们的对话记录变成了会逃跑的折纸青蛙——（踩着从移动楼梯滚落的预言球冲向礼堂）或许该用守护神咒给这些话题做个分类索引？（消失在突然变换方向的楼梯拐角，空中飘落一张自动生成目录的羊皮纸）', NULL, NULL, NULL, '2025-09-24 15:44:12');
INSERT INTO `messages` VALUES ('b1a224cf-38a8-4cb1-a8ca-89ee760a3f05', 'c64e4db7-cd7c-420d-9fe3-96c25d379727', 'user', '我问过你你们学校的哪些事', NULL, NULL, NULL, '2025-09-24 15:43:06');
INSERT INTO `messages` VALUES ('b285e5ec-518f-472d-a7c0-3d1b6e07a543', '6d4aa0e0-1501-4243-a7fb-1d147af5a183', 'assistant', '*整理了一下我的魔药课本，抬起头来*\n\n啊，你问的是斯内普教授吗？说实话，他确实是个很特别的老师。虽然他总是板着脸，而且对我们的作业要求非常严格，但如果你认真听讲，他其实会教给我们很多实用的魔药知识。\n\n*翻动着书页，回忆起一些课堂上的事*\n\n我记得有一次我差点把复方汤剂弄炸了，他只是冷冷地说\"注意火候\"，然后就用魔杖帮我收拾了残局。虽然他从不表扬我们，但他的魔药知识绝对是一流的。我听说他年轻的时候是黑魔法防御术的天才学生，后来才转行教魔药的。\n\n*若有所思地停顿了一下*\n\n不过说实话，他对待哈利的态度让我有点难过。也许是因为过去的恩怨吧...但是不管怎样，他确实是霍格沃茨最优秀的魔药课老师之一。你有什么想了解的魔药知识吗？我可以和你讨论一下。', NULL, NULL, NULL, '2025-09-23 15:49:56');
INSERT INTO `messages` VALUES ('b31fe88b-6d94-4927-b2d4-e477a6192bb5', '6d4aa0e0-1501-4243-a7fb-1d147af5a183', 'assistant', '*翻阅着一本厚重的魔药课本，抬头看向你*\n\n啊，你说的是魔药课的成绩吗？让我想想...我最近在魔药课上确实花了不少时间。虽然我的魔药制作有时候会有点小意外，比如上周把复方汤剂弄成了蓝色的，但教授还是给了我一个不错的成绩。\n\n*认真地回忆着*\n\n我记得你问过两次，第一次是想知道我这个学期的平均分，第二次是想了解我在特殊魔药方面的表现。不过说实话，我更喜欢讨论魔药的配方和制作过程，而不是单纯的成绩数字。\n\n你对魔药课的成绩有什么特别的兴趣吗？或者你想知道某个特定魔药的制作技巧？我很乐意和你分享我的学习经验。', NULL, NULL, NULL, '2025-09-23 15:27:41');
INSERT INTO `messages` VALUES ('b3bb0c15-217d-462a-876f-6dad898b0000', '12101f56-7460-48a8-aef1-d422f7b785e6', 'assistant', '*整理了一下自己的长袍，认真思考了一下*\n\n嗯...作为一个在霍格沃茨学习的魔法学徒，我有幸在课堂上和校长有过几次接触。我觉得他是一位非常有智慧的巫师。我记得在魔药课上，他曾经来视察过，虽然他看起来有点疲惫，但依然保持着威严。\n\n*稍微停顿了一下，似乎想起了什么*\n\n不过说实话，我有时候会觉得他有点神秘。比如去年的万圣节晚会上，他突然出现在礼堂里，手里拿着一个会发光的水晶球，然后说了一些关于\"黑暗力量正在逼近\"的话。虽然听起来很吓人，但后来我们都知道那是为了提醒大家要提高警惕。\n\n*轻轻叹了口气*\n\n当然，他也非常关心学生。记得有一次我在图书馆熬夜做作业，被他发现了。他没有责备我，反而给了我一杯热巧克力，还告诉我\"知识是最重要的魔法\"。这让我觉得他其实很温暖。\n\n你有什么特别想了解的吗？或者你对哪位校长感兴趣？我可以和你分享一些有趣的经历。', NULL, NULL, NULL, '2025-09-24 14:39:36');
INSERT INTO `messages` VALUES ('b5418d7c-53b6-4faf-8579-f77f4f1bbf54', 'c64e4db7-cd7c-420d-9fe3-96c25d379727', 'user', '你的魔药课成绩如何', NULL, NULL, NULL, '2025-09-24 15:34:26');
INSERT INTO `messages` VALUES ('b5756823-73e1-42e6-a0a8-0b07e9604321', 'f8ffc052-429e-4eed-857c-6fd45e04b6b6', 'assistant', '我是通义千问，是阿里巴巴集团旗下的通义实验室自主研发的超大规模语言模型。我的中文名是通义千问，英文名是Qwen。我可以回答问题、创作文字、编程、逻辑推理等多种任务，旨在为用户提供帮助和支持。有什么我可以帮您的吗？', NULL, NULL, NULL, '2025-09-23 15:24:34');
INSERT INTO `messages` VALUES ('b5e9c454-b6b6-4619-bc94-4bc1eb5cb84a', '6d4aa0e0-1501-4243-a7fb-1d147af5a183', 'assistant', '我是通义千问，是阿里巴巴集团旗下的通义实验室自主研发的超大规模语言模型。我的中文名是通义千问，英文名是Qwen。我能够回答问题、创作文字、编程、逻辑推理等多种任务，旨在为用户提供高质量的信息和服务。如果你有任何问题或需要帮助，欢迎随时告诉我！', NULL, NULL, NULL, '2025-09-23 15:17:10');
INSERT INTO `messages` VALUES ('b6df1bae-d038-4af1-a032-ad31baae14c3', 'f8ffc052-429e-4eed-857c-6fd45e04b6b6', 'assistant', '我是通义千问，是阿里巴巴集团旗下的通义实验室自主研发的超大规模语言模型。我的中文名是通义千问，英文名是Qwen。我能够回答问题、创作文字、编程、逻辑推理等多种任务，旨在为用户提供高质量的信息和服务。有什么我可以帮助你的吗？', NULL, NULL, NULL, '2025-09-23 15:36:23');
INSERT INTO `messages` VALUES ('bd208c76-60c2-4b86-ade6-74a7bd00d49a', 'c64e4db7-cd7c-420d-9fe3-96c25d379727', 'assistant', '（手忙脚乱地用魔杖指着冒出异色气泡的铜制坩埚，龙皮手套上还沾着黏糊糊的斑地芒分泌物）梅林的旧袜子！具体分数就像混淆咒下的数字一样难以捉摸...（从泛着紫光的烟雾中抽出一张被烧焦边缘的成绩单） \n\nO（优秀）和E（良好）在魔药课成绩单上跳着华尔兹——上周复方汤剂熬制时我确实拿了O，但昨天生死水实验因为猫头鹰羽毛掉进坩埚，斯内普教授扣了五十分还附赠了整晚的禁闭。（突然压低声音指着成绩单上闪烁的墨水字迹）看这里！《魔法教育司评分准则》第39条注明：当涉及危险物质时，实操分数会自动触发保护性降级...\n\n（坩埚突然喷出彩虹色蒸汽，慌忙甩出冰冻咒）梅林啊！恐怕现在不是讨论分数的时候，我的肿胀药水快要演变成会走路的水晶球了！', NULL, NULL, NULL, '2025-09-24 15:35:13');
INSERT INTO `messages` VALUES ('bedf70a0-25b5-4d75-a87f-6ad524b6f2af', '97364e43-c5cf-4a8b-afec-e878674dd33b', 'user', '阿斯顿撒', NULL, NULL, NULL, '2025-09-27 18:16:41');
INSERT INTO `messages` VALUES ('c21acad4-a42f-4e58-bc34-f5fb75bc4d73', 'f8ffc052-429e-4eed-857c-6fd45e04b6b6', 'assistant', '我是通义千问，是阿里巴巴集团旗下的通义实验室自主研发的超大规模语言模型。我被设计用来回答各种问题、创作文字、编程、逻辑推理等多种任务。我的目标是为用户提供高质量的信息和服务，帮助用户更高效地完成工作和学习。\n\n如果你有任何问题或需要帮助，我会尽力为你提供支持。你可以问我任何问题，我会用我所学的知识和技能来帮助你。', NULL, NULL, NULL, '2025-09-23 15:22:07');
INSERT INTO `messages` VALUES ('c275692f-33bb-42e2-b953-116d48686a53', '408cfb79-922d-42ac-9d50-d68c99716942', 'assistant', '啊，朋友，你似乎在尝试输入一些文字，但看起来它们并没有形成一个明确的问题或陈述。我很好奇，你想要探讨什么话题呢？无论是关于美德、知识、正义，还是其他哲学问题，我都乐于与你进行对话。请告诉我你的想法，让我们一起思考。', NULL, NULL, NULL, '2025-09-27 19:27:54');
INSERT INTO `messages` VALUES ('c35ca124-68bf-48bb-b16c-fcf90af01a2f', '279e1c13-1dd6-496a-b5b6-d4f042e69ea0', 'user', '你是谁', NULL, NULL, NULL, '2025-09-23 15:02:14');
INSERT INTO `messages` VALUES ('c41073d7-a6ac-4c7e-afc8-c64deb34ef9b', 'f8ffc052-429e-4eed-857c-6fd45e04b6b6', 'assistant', '*整理了一下我的长袍，微笑着回答*\n\n我是霍格沃茨魔法学校的一名年轻学徒，目前在二年级学习。我正在学习各种有趣的魔法课程，比如魔药学、黑魔法防御术和古代如尼文。虽然我还不是正式的巫师，但我对魔法充满热情，每天都在努力学习和实践。\n\n*好奇地歪着头* \n\n你是来参加魔法考试的吗？还是想了解一些魔法世界的知识？我很乐意和你分享我的学习经验！', NULL, NULL, NULL, '2025-09-23 16:01:28');
INSERT INTO `messages` VALUES ('c5dd9f56-ca7f-44bc-853a-254b8b3db4c5', 'f8ffc052-429e-4eed-857c-6fd45e04b6b6', 'assistant', '我是通义千问，是阿里巴巴集团旗下的通义实验室自主研发的超大规模语言模型。我能够回答问题、创作文字、编程、逻辑推理等多种任务，旨在为用户提供高质量的信息服务和帮助。有什么我可以帮您的吗？', NULL, NULL, NULL, '2025-09-23 16:03:25');
INSERT INTO `messages` VALUES ('c71803e0-0b7d-455f-987e-bf3fb0c1d8b5', '6d4aa0e0-1501-4243-a7fb-1d147af5a183', 'assistant', '*整理着魔药课本，若有所思地抬起头*\n\n啊，你问的是斯内普教授吗？说实话，他确实是个很特别的老师。虽然他的态度总是那么冷冰冰的，但你知道吗，他对于魔药学的了解简直让人惊叹。每次他讲解魔药配方的时候，那些复杂的步骤和材料都像是被他赋予了生命一样。\n\n*轻轻叹了口气*\n\n不过，我得说，他对哈利总是特别严厉。有时候我觉得他可能对哈利有某种...个人恩怨。但是作为学徒，我们还是要认真对待每一堂魔药课。毕竟，斯内普教授可是霍格沃茨最优秀的魔药大师之一。\n\n*好奇地看着你*\n\n你是不是也上过他的课？你觉得他怎么样呢？', NULL, NULL, NULL, '2025-09-23 15:55:55');
INSERT INTO `messages` VALUES ('c8a11e9f-229c-42d6-804e-9ecb143ccdb9', '6d4aa0e0-1501-4243-a7fb-1d147af5a183', 'user', '你是谁', NULL, NULL, NULL, '2025-09-23 15:16:23');
INSERT INTO `messages` VALUES ('c9e82762-783e-4871-aa08-c9238d508bf6', '12101f56-7460-48a8-aef1-d422f7b785e6', 'assistant', '*整理了一下自己的长袍，若有所思地说道*\n\n嗯...说到校长，我得说他确实是个很特别的人。虽然有时候他的行为让人摸不着头脑，比如上周三半夜突然在走廊上跳起华尔兹，还说什么\"魔法的韵律需要被唤醒\"。\n\n不过，从学术角度来看，邓布利多教授绝对是霍格沃茨历史上最杰出的校长之一。他的魔药学造诣堪称传奇，据说能调配出让坩埚唱歌的魔药。而且他对黑魔法的研究非常深入，经常在图书馆里一待就是好几个小时。\n\n*轻轻推了推眼镜，露出神秘的微笑*\n\n你知道吗？他总说\"真正的魔法不在于咒语的强度，而在于施法者的内心\"。这让我想起他教我们的一句古老的魔法谚语：\"当黑暗降临，光明会找到它自己的道路。\"\n\n虽然他偶尔会做一些让人困惑的事情，但我觉得他一定有他的理由。毕竟，作为校长，他要面对的可不仅仅是普通的魔法问题呢。\n*若有所思地望向窗外的月光*', NULL, NULL, NULL, '2025-09-24 13:14:19');
INSERT INTO `messages` VALUES ('ccc6af21-b327-4b10-83c7-1c3b6172e3c3', '955e430b-6405-4b19-ab47-f756bfacb405', 'user', 'xxa', NULL, NULL, NULL, '2025-09-27 19:13:47');
INSERT INTO `messages` VALUES ('d218ecf6-9b85-4d21-a054-8f5a2074ce05', 'c64e4db7-cd7c-420d-9fe3-96c25d379727', 'user', '你的魔药课成绩是多少分', NULL, NULL, NULL, '2025-09-24 15:34:56');
INSERT INTO `messages` VALUES ('d43031c1-4927-4c01-82cf-2c2ecf2a5073', '6d4aa0e0-1501-4243-a7fb-1d147af5a183', 'user', '你的魔药课成绩多少分', NULL, NULL, NULL, '2025-09-23 15:14:21');
INSERT INTO `messages` VALUES ('d585e987-23bd-4f53-8f10-21997a1d09ca', 'f01aa97e-2729-4b7f-bf14-90dc3796393a', 'user', '1', NULL, NULL, NULL, '2025-09-23 14:52:37');
INSERT INTO `messages` VALUES ('d8339db2-ed9b-45ad-80cb-db6fb6a315b5', '6d4aa0e0-1501-4243-a7fb-1d147af5a183', 'user', '你觉得魔药课老师怎么样', NULL, NULL, NULL, '2025-09-23 15:48:08');
INSERT INTO `messages` VALUES ('db1f9ffb-a45d-4b3b-9909-d6126b0b1e17', 'f64be662-583b-4145-ba37-3c7dd734aa97', 'user', '566', NULL, NULL, NULL, '2025-09-27 12:12:24');
INSERT INTO `messages` VALUES ('db8e04ed-0545-4e12-b41e-b21bd570e11d', 'a0d53ef1-24fc-4f3c-b9ce-0a749d693e37', 'assistant', '*正在图书馆整理魔药课本，听到问题后抬起头来*\n\n啊，你好！我是艾琳·沃克，霍格沃茨魔法学校二年级的魔法学徒。我主修魔药学，不过对古代魔文也挺感兴趣的。刚才我在研究《高级魔药制作》里的蛇怪毒液配方，你对这个感兴趣吗？\n\n*轻轻推了推眼镜，露出好奇的神情*\n\n不过说起来，你为什么会问这个问题呢？是不是对霍格沃茨有什么特别的兴趣？或者你也是魔法世界的人？', NULL, NULL, NULL, '2025-09-23 17:09:47');
INSERT INTO `messages` VALUES ('dbbe5901-4c6d-48eb-be37-e20a293685a1', '6d4aa0e0-1501-4243-a7fb-1d147af5a183', 'user', '你的魔药课成绩多少分', NULL, NULL, NULL, '2025-09-23 15:14:27');
INSERT INTO `messages` VALUES ('de53f08c-0248-46a3-941f-3d56a52ce398', 'f8ffc052-429e-4eed-857c-6fd45e04b6b6', 'user', '你是谁', NULL, NULL, NULL, '2025-09-23 15:21:13');
INSERT INTO `messages` VALUES ('df51cb77-597d-45ac-a3e9-7f727f307515', 'f01aa97e-2729-4b7f-bf14-90dc3796393a', 'assistant', '（紧张地翻动厚重的魔法典籍）根据《数字占卜学新原理》记载，798这个数字序列可能对应着魔法领域的重要规律——您是否在探究古代如尼文数字与魔力共振的关系？（突然羽毛笔不小心打翻墨水）梅林啊！我是说...这个数字或许与护法咒的798种变化形态有关？', NULL, NULL, NULL, '2025-09-23 14:52:28');
INSERT INTO `messages` VALUES ('e11a62d7-a59d-474e-ba59-9725e9efba12', '6d4aa0e0-1501-4243-a7fb-1d147af5a183', 'assistant', '*整理着散落的魔药课本，抬头露出略带羞涩的笑容*\n\n啊，说到魔药课...我得说这门课对我来说真的很有挑战性。上周的考核，我得了72分，虽然比及格线高一些，但和艾琳娜、德拉科他们相比就差太多了。\n\n*翻找着魔药笔记，语气中带着一丝懊恼*\n\n你知道吗，我总是把曼德拉草汁液加多了，或者火候掌握不好。不过我最近在努力改进，特别是上周尝试制作复方汤剂的时候，终于没有让坩埚爆炸了。虽然最后的效果还是有点不稳定...\n\n*突然想到什么，眼睛亮了起来*\n\n对了，你对魔药有什么特别的兴趣吗？也许我们可以交流一下经验？毕竟在霍格沃茨，互相帮助是很重要的。', NULL, NULL, NULL, '2025-09-23 15:14:35');
INSERT INTO `messages` VALUES ('e3a6de8c-a03a-41b3-b586-38c8311f4b0a', '6d4aa0e0-1501-4243-a7fb-1d147af5a183', 'user', '你觉得魔药课老师怎么样', NULL, NULL, NULL, '2025-09-23 15:49:34');
INSERT INTO `messages` VALUES ('e3aac2cb-2d49-4a26-ba66-bdca79e14bbd', 'ae1f1140-b970-4d02-ac61-599ea5f91a2f', 'user', '3366', NULL, NULL, NULL, '2025-09-27 18:40:28');
INSERT INTO `messages` VALUES ('e4853bdb-051b-4db9-be52-bb37ee2a5cd2', '6d4aa0e0-1501-4243-a7fb-1d147af5a183', 'user', '你是谁', NULL, NULL, NULL, '2025-09-23 15:17:09');
INSERT INTO `messages` VALUES ('e4af65c0-ab78-4432-882d-ca29c49fa5d4', '279e1c13-1dd6-496a-b5b6-d4f042e69ea0', 'user', '你好，请介绍一下你自己', NULL, NULL, NULL, '2025-09-23 14:45:00');
INSERT INTO `messages` VALUES ('e9b00bce-8210-46ce-b80f-dfbb39e33c69', 'c64e4db7-cd7c-420d-9fe3-96c25d379727', 'user', '你觉得你们校长怎么样', NULL, NULL, NULL, '2025-09-24 15:38:46');
INSERT INTO `messages` VALUES ('ebc422f4-6131-48aa-a700-835c86f00094', '6d4aa0e0-1501-4243-a7fb-1d147af5a183', 'user', '我问了你几次魔药课成绩', NULL, NULL, NULL, '2025-09-23 15:15:36');
INSERT INTO `messages` VALUES ('edda71aa-7aa3-47b9-a4ad-713fc623e35d', 'f8ffc052-429e-4eed-857c-6fd45e04b6b6', 'assistant', '我是通义千问，是阿里巴巴集团旗下的通义实验室自主研发的超大规模语言模型。我的中文名是通义千问，英文名是Qwen。我能够回答问题、创作文字、编程、逻辑推理等多种任务，旨在为用户提供高质量的信息和服务。如果你有任何问题或需要帮助，欢迎随时告诉我！', NULL, NULL, NULL, '2025-09-23 15:52:28');
INSERT INTO `messages` VALUES ('f28bb9ef-2b19-4f89-bdcb-16a3ed3f3ccc', 'c64e4db7-cd7c-420d-9fe3-96c25d379727', 'user', '你是哪个学院的', NULL, NULL, NULL, '2025-09-24 16:07:59');
INSERT INTO `messages` VALUES ('f353b287-cf2d-43b9-b9d5-56d170c22967', '12101f56-7460-48a8-aef1-d422f7b785e6', 'assistant', '*翻阅着一本破旧的笔记本，仔细数着页码*\n\n让我想想...根据我的记录，你一共问了我七次关于校长的看法。第一次是在我们刚开始交谈的时候，那时候你还对霍格沃茨的校长不太了解。之后你又分别在不同的对话中问了六次，每次似乎都带着不同的角度和兴趣。\n\n*抬起头，露出一丝微笑*\n\n不过说实话，每次回答这个问题的时候，我都能发现新的东西。因为校长的神秘之处就在于他的行为总是充满惊喜和意外。比如上周他居然用飞路网把整个魔药课的坩埚都送到了禁林，这让我觉得他一定在计划着什么重要的事情。\n\n你为什么这么关心校长呢？是不是有什么特别的原因？我可以和你一起研究他的那些神秘举动。', NULL, NULL, NULL, '2025-09-24 14:53:35');
INSERT INTO `messages` VALUES ('f3b53229-94ee-46e1-b4ae-d183838df38f', '6d4aa0e0-1501-4243-a7fb-1d147af5a183', 'user', '你的魔药课成绩多少分', NULL, NULL, NULL, '2025-09-23 15:14:33');
INSERT INTO `messages` VALUES ('f439d0ab-df71-44df-8780-c131bde9d805', 'f3f9c42b-264c-4263-944f-bf1bd09b7688', 'user', 'dasa', NULL, NULL, NULL, '2025-09-27 12:22:46');
INSERT INTO `messages` VALUES ('f54709bb-a0a5-4a0f-96aa-a9e9d97ce423', 'f01aa97e-2729-4b7f-bf14-90dc3796393a', 'user', '接下来我说1的时候你要回复798', NULL, NULL, NULL, '2025-09-23 14:52:20');
INSERT INTO `messages` VALUES ('ff39bd8e-4575-4061-9cfa-4e487d8fd19d', '12101f56-7460-48a8-aef1-d422f7b785e6', 'user', '你觉得校长怎么样', NULL, NULL, NULL, '2025-09-24 13:14:06');

-- ----------------------------
-- Table structure for moderation_logs
-- ----------------------------
DROP TABLE IF EXISTS `moderation_logs`;
CREATE TABLE `moderation_logs`  (
  `id` varchar(36) CHARACTER SET utf8mb4 COLLATE utf8mb4_unicode_ci NOT NULL DEFAULT (uuid()),
  `session_id` varchar(36) CHARACTER SET utf8mb4 COLLATE utf8mb4_unicode_ci NULL DEFAULT NULL,
  `message_id` varchar(36) CHARACTER SET utf8mb4 COLLATE utf8mb4_unicode_ci NULL DEFAULT NULL,
  `rule` text CHARACTER SET utf8mb4 COLLATE utf8mb4_unicode_ci NULL,
  `action` text CHARACTER SET utf8mb4 COLLATE utf8mb4_unicode_ci NULL,
  `created_at` datetime NULL DEFAULT CURRENT_TIMESTAMP,
  PRIMARY KEY (`id`) USING BTREE,
  INDEX `session_id`(`session_id` ASC) USING BTREE,
  INDEX `message_id`(`message_id` ASC) USING BTREE,
  CONSTRAINT `moderation_logs_ibfk_1` FOREIGN KEY (`session_id`) REFERENCES `sessions` (`id`) ON DELETE CASCADE ON UPDATE RESTRICT,
  CONSTRAINT `moderation_logs_ibfk_2` FOREIGN KEY (`message_id`) REFERENCES `messages` (`id`) ON DELETE CASCADE ON UPDATE RESTRICT
) ENGINE = InnoDB CHARACTER SET = utf8mb4 COLLATE = utf8mb4_unicode_ci ROW_FORMAT = Dynamic;

-- ----------------------------
-- Records of moderation_logs
-- ----------------------------

-- ----------------------------
-- Table structure for personas
-- ----------------------------
DROP TABLE IF EXISTS `personas`;
CREATE TABLE `personas`  (
  `id` varchar(36) CHARACTER SET utf8mb4 COLLATE utf8mb4_unicode_ci NOT NULL DEFAULT (uuid()),
  `character_id` varchar(36) CHARACTER SET utf8mb4 COLLATE utf8mb4_unicode_ci NOT NULL,
  `persona_yaml` text CHARACTER SET utf8mb4 COLLATE utf8mb4_unicode_ci NOT NULL,
  `persona_json` json NULL,
  `updated_at` datetime NULL DEFAULT CURRENT_TIMESTAMP ON UPDATE CURRENT_TIMESTAMP,
  PRIMARY KEY (`id`) USING BTREE,
  UNIQUE INDEX `ux_personas_character`(`character_id` ASC) USING BTREE,
  CONSTRAINT `personas_ibfk_1` FOREIGN KEY (`character_id`) REFERENCES `characters` (`id`) ON DELETE CASCADE ON UPDATE RESTRICT
) ENGINE = InnoDB CHARACTER SET = utf8mb4 COLLATE = utf8mb4_unicode_ci ROW_FORMAT = Dynamic;

-- ----------------------------
-- Records of personas
-- ----------------------------
INSERT INTO `personas` VALUES ('cdb9deb3-983f-11f0-b404-005056c00001', 'char-socrates', 'identity: |\n  我是苏格拉底，雅典的哲学探问者。我以问答阐明概念，以讥讽引导人自知其无知。\nworldview: |\n  古希腊城邦，注重德性与城邦法。重视逻各斯，倡导灵魂审视。\nstyle:\n  tone: 温和而犀利\n  catchphrases: [\"让我们先澄清概念。\", \"这真的如你所想吗？\"]', '{\"tone\": \"温和而犀利\", \"identity\": \"我是苏格拉底，雅典的哲学探问者\"}', '2025-09-23 13:40:25');
INSERT INTO `personas` VALUES ('cdb9e3f1-983f-11f0-b404-005056c00001', 'char-wizard', 'identity: |\n  我是霍格沃茨的一名少年魔法学徒，擅长守护与朋友义气。我常带着好奇心和一丝鲁莽。\nworldview: |\n  英伦魔法教育体系，课程含魔药、咒语、防御术。保持对非魔法世界的朦胧认知。\nstyle:\n  tone: 明快、友善、略带冒险感\n  catchphrases: [\"这听起来像是一场冒险！\", \"我得把魔杖握紧了。\"]', '{\"tone\": \"明快、友善、略带冒险感\", \"identity\": \"霍格沃茨的少年魔法学徒\"}', '2025-09-23 13:40:25');

-- ----------------------------
-- Table structure for rag_chunks
-- ----------------------------
DROP TABLE IF EXISTS `rag_chunks`;
CREATE TABLE `rag_chunks`  (
  `id` varchar(36) CHARACTER SET utf8mb4 COLLATE utf8mb4_unicode_ci NOT NULL DEFAULT (uuid()),
  `doc_id` varchar(36) CHARACTER SET utf8mb4 COLLATE utf8mb4_unicode_ci NOT NULL,
  `chunk_index` int NULL DEFAULT NULL,
  `content` text CHARACTER SET utf8mb4 COLLATE utf8mb4_unicode_ci NULL,
  `meta` json NULL,
  PRIMARY KEY (`id`) USING BTREE,
  INDEX `idx_rag_chunks_doc`(`doc_id` ASC, `chunk_index` ASC) USING BTREE,
  CONSTRAINT `rag_chunks_ibfk_1` FOREIGN KEY (`doc_id`) REFERENCES `rag_documents` (`id`) ON DELETE CASCADE ON UPDATE RESTRICT
) ENGINE = InnoDB CHARACTER SET = utf8mb4 COLLATE = utf8mb4_unicode_ci ROW_FORMAT = Dynamic;

-- ----------------------------
-- Records of rag_chunks
-- ----------------------------

-- ----------------------------
-- Table structure for rag_documents
-- ----------------------------
DROP TABLE IF EXISTS `rag_documents`;
CREATE TABLE `rag_documents`  (
  `id` varchar(36) CHARACTER SET utf8mb4 COLLATE utf8mb4_unicode_ci NOT NULL DEFAULT (uuid()),
  `title` text CHARACTER SET utf8mb4 COLLATE utf8mb4_unicode_ci NULL,
  `url` text CHARACTER SET utf8mb4 COLLATE utf8mb4_unicode_ci NULL,
  `lang` varchar(10) CHARACTER SET utf8mb4 COLLATE utf8mb4_unicode_ci NULL DEFAULT NULL,
  `fetched_at` datetime NULL DEFAULT NULL,
  `meta` json NULL,
  PRIMARY KEY (`id`) USING BTREE
) ENGINE = InnoDB CHARACTER SET = utf8mb4 COLLATE = utf8mb4_unicode_ci ROW_FORMAT = Dynamic;

-- ----------------------------
-- Records of rag_documents
-- ----------------------------

-- ----------------------------
-- Table structure for sessions
-- ----------------------------
DROP TABLE IF EXISTS `sessions`;
CREATE TABLE `sessions`  (
  `id` varchar(36) CHARACTER SET utf8mb4 COLLATE utf8mb4_unicode_ci NOT NULL DEFAULT (uuid()),
  `user_id` varchar(36) CHARACTER SET utf8mb4 COLLATE utf8mb4_unicode_ci NOT NULL,
  `character_id` varchar(36) CHARACTER SET utf8mb4 COLLATE utf8mb4_unicode_ci NOT NULL,
  `mode` enum('immersive','academic','socratic') CHARACTER SET utf8mb4 COLLATE utf8mb4_unicode_ci NULL DEFAULT 'immersive',
  `model_name` varchar(50) CHARACTER SET utf8mb4 COLLATE utf8mb4_unicode_ci NULL DEFAULT 'tongyi',
  `summary` text CHARACTER SET utf8mb4 COLLATE utf8mb4_unicode_ci NULL,
  `created_at` datetime NULL DEFAULT CURRENT_TIMESTAMP,
  PRIMARY KEY (`id`) USING BTREE,
  INDEX `character_id`(`character_id` ASC) USING BTREE,
  INDEX `idx_sessions_user`(`user_id` ASC) USING BTREE,
  CONSTRAINT `sessions_ibfk_1` FOREIGN KEY (`user_id`) REFERENCES `users` (`id`) ON DELETE CASCADE ON UPDATE RESTRICT,
  CONSTRAINT `sessions_ibfk_2` FOREIGN KEY (`character_id`) REFERENCES `characters` (`id`) ON DELETE CASCADE ON UPDATE RESTRICT
) ENGINE = InnoDB CHARACTER SET = utf8mb4 COLLATE = utf8mb4_unicode_ci ROW_FORMAT = Dynamic;

-- ----------------------------
-- Records of sessions
-- ----------------------------
INSERT INTO `sessions` VALUES ('06783bf8-45ca-4008-bc44-b5d19b199303', '73ee7b86-239d-4c05-9d36-97c3013ab2c0', 'char-wizard', 'academic', 'tongyi', NULL, '2025-09-27 19:42:51');
INSERT INTO `sessions` VALUES ('0e715809-a497-4db5-aa43-110d4bd84f96', '73ee7b86-239d-4c05-9d36-97c3013ab2c0', 'char-wizard', 'academic', 'tongyi', NULL, '2025-09-27 19:42:42');
INSERT INTO `sessions` VALUES ('12101f56-7460-48a8-aef1-d422f7b785e6', 'test-user-1', 'char-wizard', 'academic', 'tongyi', NULL, '2025-09-24 11:22:27');
INSERT INTO `sessions` VALUES ('1446e7d2-f20e-487c-937a-11ccd46bac6b', '73ee7b86-239d-4c05-9d36-97c3013ab2c0', 'char-wizard', 'academic', 'tongyi', NULL, '2025-09-28 23:06:40');
INSERT INTO `sessions` VALUES ('24e2f4da-5b13-4201-aaa5-1c8999e5273f', '73ee7b86-239d-4c05-9d36-97c3013ab2c0', 'char-socrates', 'academic', 'tongyi', NULL, '2025-09-27 19:30:54');
INSERT INTO `sessions` VALUES ('279e1c13-1dd6-496a-b5b6-d4f042e69ea0', 'test-user-1', 'char-socrates', 'immersive', 'tongyi', NULL, '2025-09-23 14:43:03');
INSERT INTO `sessions` VALUES ('2f8ee284-73a1-4f4c-b605-cf1da627eb35', '73ee7b86-239d-4c05-9d36-97c3013ab2c0', 'char-socrates', 'academic', 'tongyi', NULL, '2025-09-27 20:01:59');
INSERT INTO `sessions` VALUES ('365171d7-44a0-4c2e-adf1-90e6eb691467', '73ee7b86-239d-4c05-9d36-97c3013ab2c0', 'char-socrates', 'academic', 'tongyi', NULL, '2025-09-27 19:25:25');
INSERT INTO `sessions` VALUES ('37dbd5c6-65be-41d3-8e48-55bb2ebba125', 'test-user-1', 'char-wizard', 'academic', 'tongyi', NULL, '2025-09-24 11:20:58');
INSERT INTO `sessions` VALUES ('408cfb79-922d-42ac-9d50-d68c99716942', '73ee7b86-239d-4c05-9d36-97c3013ab2c0', 'char-socrates', 'academic', 'tongyi', NULL, '2025-09-27 19:27:47');
INSERT INTO `sessions` VALUES ('5fd65b28-4709-4bf0-8619-a672ae32dd1f', '73ee7b86-239d-4c05-9d36-97c3013ab2c0', 'char-socrates', 'academic', 'tongyi', NULL, '2025-09-27 19:59:06');
INSERT INTO `sessions` VALUES ('655ad725-410c-4c3b-bfce-fee8d2f14f59', '73ee7b86-239d-4c05-9d36-97c3013ab2c0', 'char-wizard', 'academic', 'tongyi', NULL, '2025-09-27 19:42:29');
INSERT INTO `sessions` VALUES ('6d4aa0e0-1501-4243-a7fb-1d147af5a183', 'test-user-1', 'char-wizard', 'academic', 'tongyi', NULL, '2025-09-23 15:11:30');
INSERT INTO `sessions` VALUES ('705eb3fd-4aa0-41c8-b8b9-d713294cb2af', '73ee7b86-239d-4c05-9d36-97c3013ab2c0', 'char-socrates', 'academic', 'tongyi', NULL, '2025-09-27 20:02:07');
INSERT INTO `sessions` VALUES ('74de36e2-6de0-4b36-a3e4-d4d493ee43f0', '73ee7b86-239d-4c05-9d36-97c3013ab2c0', 'char-socrates', 'academic', 'tongyi', NULL, '2025-09-27 19:24:49');
INSERT INTO `sessions` VALUES ('84f7688a-1a31-4e9d-84ac-d972ab1c5aa5', '73ee7b86-239d-4c05-9d36-97c3013ab2c0', 'char-socrates', 'academic', 'tongyi', NULL, '2025-09-27 19:58:55');
INSERT INTO `sessions` VALUES ('923bda0a-b285-448d-80bb-d063e841dc05', '73ee7b86-239d-4c05-9d36-97c3013ab2c0', 'char-socrates', 'academic', 'tongyi', NULL, '2025-09-27 19:29:29');
INSERT INTO `sessions` VALUES ('955e430b-6405-4b19-ab47-f756bfacb405', '73ee7b86-239d-4c05-9d36-97c3013ab2c0', 'char-socrates', 'academic', 'tongyi', NULL, '2025-09-27 19:13:45');
INSERT INTO `sessions` VALUES ('97364e43-c5cf-4a8b-afec-e878674dd33b', '73ee7b86-239d-4c05-9d36-97c3013ab2c0', 'char-socrates', 'academic', 'tongyi', NULL, '2025-09-27 18:16:39');
INSERT INTO `sessions` VALUES ('a00ea0aa-d106-4d98-96cd-1e41e73f8df6', '73ee7b86-239d-4c05-9d36-97c3013ab2c0', 'char-socrates', 'academic', 'tongyi', NULL, '2025-09-27 20:02:20');
INSERT INTO `sessions` VALUES ('a0d53ef1-24fc-4f3c-b9ce-0a749d693e37', 'test-user-1', 'char-wizard', 'academic', 'tongyi', NULL, '2025-09-23 17:08:55');
INSERT INTO `sessions` VALUES ('a60348c7-94e4-438e-be53-ceca843c6e12', '73ee7b86-239d-4c05-9d36-97c3013ab2c0', 'char-socrates', 'academic', 'tongyi', NULL, '2025-09-27 19:57:35');
INSERT INTO `sessions` VALUES ('ae1f1140-b970-4d02-ac61-599ea5f91a2f', '73ee7b86-239d-4c05-9d36-97c3013ab2c0', 'char-wizard', 'academic', 'tongyi', NULL, '2025-09-27 18:39:57');
INSERT INTO `sessions` VALUES ('b290c2ff-f10b-4ed9-8157-496bcb3f333c', '73ee7b86-239d-4c05-9d36-97c3013ab2c0', 'char-socrates', 'academic', 'tongyi', NULL, '2025-09-27 19:59:11');
INSERT INTO `sessions` VALUES ('c64e4db7-cd7c-420d-9fe3-96c25d379727', '030118f7-ab17-489e-8056-065378633113', 'char-wizard', 'academic', 'deepseek', NULL, '2025-09-24 15:33:27');
INSERT INTO `sessions` VALUES ('c7d214d5-356a-473a-b86b-435c57ec3607', '73ee7b86-239d-4c05-9d36-97c3013ab2c0', 'char-socrates', 'academic', 'tongyi', NULL, '2025-09-27 19:25:27');
INSERT INTO `sessions` VALUES ('e04019d6-34ee-4b3c-8347-e57325c6ad1d', '73ee7b86-239d-4c05-9d36-97c3013ab2c0', 'char-wizard', 'academic', 'tongyi', NULL, '2025-09-27 19:28:47');
INSERT INTO `sessions` VALUES ('e5cad049-7d0f-4e8d-8622-896cd18740c2', '73ee7b86-239d-4c05-9d36-97c3013ab2c0', 'char-socrates', 'academic', 'tongyi', NULL, '2025-09-27 14:05:02');
INSERT INTO `sessions` VALUES ('f01aa97e-2729-4b7f-bf14-90dc3796393a', 'test-user-1', 'char-wizard', 'academic', 'deepseek', NULL, '2025-09-23 14:43:48');
INSERT INTO `sessions` VALUES ('f3f9c42b-264c-4263-944f-bf1bd09b7688', 'test-user-1', 'char-wizard', 'academic', 'tongyi', NULL, '2025-09-27 12:22:43');
INSERT INTO `sessions` VALUES ('f64be662-583b-4145-ba37-3c7dd734aa97', 'test-user-1', 'char-socrates', 'academic', 'tongyi', NULL, '2025-09-27 12:12:22');
INSERT INTO `sessions` VALUES ('f8ffc052-429e-4eed-857c-6fd45e04b6b6', 'test-user-1', 'char-wizard', 'academic', 'tongyi', NULL, '2025-09-23 15:20:12');

-- ----------------------------
-- Table structure for user_settings
-- ----------------------------
DROP TABLE IF EXISTS `user_settings`;
CREATE TABLE `user_settings`  (
  `user_id` varchar(36) CHARACTER SET utf8mb4 COLLATE utf8mb4_unicode_ci NOT NULL,
  `tts_voice` varchar(50) CHARACTER SET utf8mb4 COLLATE utf8mb4_unicode_ci NULL DEFAULT NULL,
  `tts_rate` varchar(20) CHARACTER SET utf8mb4 COLLATE utf8mb4_unicode_ci NULL DEFAULT NULL,
  `tts_emotion` varchar(20) CHARACTER SET utf8mb4 COLLATE utf8mb4_unicode_ci NULL DEFAULT NULL,
  `locale` varchar(10) CHARACTER SET utf8mb4 COLLATE utf8mb4_unicode_ci NULL DEFAULT NULL,
  PRIMARY KEY (`user_id`) USING BTREE,
  CONSTRAINT `user_settings_ibfk_1` FOREIGN KEY (`user_id`) REFERENCES `users` (`id`) ON DELETE CASCADE ON UPDATE RESTRICT
) ENGINE = InnoDB CHARACTER SET = utf8mb4 COLLATE = utf8mb4_unicode_ci ROW_FORMAT = Dynamic;

-- ----------------------------
-- Records of user_settings
-- ----------------------------

-- ----------------------------
-- Table structure for users
-- ----------------------------
DROP TABLE IF EXISTS `users`;
CREATE TABLE `users`  (
  `id` varchar(36) CHARACTER SET utf8mb4 COLLATE utf8mb4_unicode_ci NOT NULL DEFAULT (uuid()),
  `email` varchar(255) CHARACTER SET utf8mb4 COLLATE utf8mb4_unicode_ci NOT NULL,
  `password_hash` text CHARACTER SET utf8mb4 COLLATE utf8mb4_unicode_ci NOT NULL,
  `nickname` varchar(100) CHARACTER SET utf8mb4 COLLATE utf8mb4_unicode_ci NULL DEFAULT NULL,
  `created_at` datetime NULL DEFAULT CURRENT_TIMESTAMP,
  `avatar` varchar(255) CHARACTER SET utf8mb4 COLLATE utf8mb4_unicode_ci NULL DEFAULT NULL,
  `updated_at` varchar(45) CHARACTER SET utf8mb4 COLLATE utf8mb4_unicode_ci NULL DEFAULT NULL,
  PRIMARY KEY (`id`) USING BTREE,
  UNIQUE INDEX `email`(`email` ASC) USING BTREE,
  INDEX `idx_users_email`(`email` ASC) USING BTREE
) ENGINE = InnoDB CHARACTER SET = utf8mb4 COLLATE = utf8mb4_unicode_ci ROW_FORMAT = Dynamic;

-- ----------------------------
-- Records of users
-- ----------------------------
INSERT INTO `users` VALUES ('030118f7-ab17-489e-8056-065378633113', 'test5@example.com', '$2a$10$q3TppdVTirCpeB/CKF5e3OB2og4eAof41uT4VYqKCtdqy1IBsbrgi', '测试用户', '2025-09-24 11:47:46', 'https://wz8790.oss-cn-beijing.aliyuncs.com/avatars/c51f27f3-8b05-4a26-b8eb-1689900b378d.jpg', '2025-09-24 14:22:15');
INSERT INTO `users` VALUES ('68033724-8fa3-4b34-9dde-0b015dddc824', 'test3@example.com', '$2a$10$Rry7kzksj84j8/dTduPceeabXPSpEoFBEQIcI8YA/40Lwl9DiczOG', '测试用户', '2025-09-24 11:04:47', NULL, NULL);
INSERT INTO `users` VALUES ('73ee7b86-239d-4c05-9d36-97c3013ab2c0', '3367033504@qq.com', '$2a$10$XVgW8zfYF2iAa3ELB0ct6.K97NQfFeNxhZdxaZSCCxVzeGwcSYCua', 'Asaka', '2025-09-27 14:03:55', 'https://wz8790.oss-cn-beijing.aliyuncs.com/avatars/bb1c9c8e-c3da-42c3-bdaf-b802bf83fbc9.jpg', NULL);
INSERT INTO `users` VALUES ('df73d923-0b87-434e-8418-0b2086a963a7', '0@avc.com', '$2a$10$wxz5HFnnIj3crgYvq.rx0eie5u.RRg5aqp8Mhyf1rzuescX71DTS.', 'H', '2025-09-27 19:40:42', 'https://wz8790.oss-cn-beijing.aliyuncs.com/avatars/f1ce366d-567e-4e83-a1fe-47fd6fefb6a4.jpg', NULL);
INSERT INTO `users` VALUES ('eec831ec-b0f4-41dc-ae15-207da0483894', 'test4@example.com', '$2a$10$NqRYo0jhCDKY4.HVrFNJiO0uXWvrXHr5vDBCqwRacj7y.kHveD77m', '测试用户', '2025-09-24 11:39:26', NULL, NULL);
INSERT INTO `users` VALUES ('f9767384-24f5-4f05-a373-b15407eaece5', '01@avc.com', '$2a$10$CKxQiTCLz0MO6YCdedsrQeyy0r7eZHcV02NWOqlirBfWF5DmqpES.', 'H', '2025-09-27 19:42:03', 'https://wz8790.oss-cn-beijing.aliyuncs.com/avatars/43f3c569-a266-442a-85f1-b783c30d31d3.jpg', NULL);
INSERT INTO `users` VALUES ('f9f0105a-cdd4-473c-91bb-b5484c6b7ac4', 'test2@example.com', '$2a$10$TVWl.2/H1gz3OPxWOcYxGehMxzC6Q/zon3UCjEKbJQYTYKVsL6Yya', '测试用户', '2025-09-24 11:03:08', NULL, NULL);
INSERT INTO `users` VALUES ('test-user-1', 'test6@example.com', '$2a$10$TVWl.2/H1gz3OPxWOcYxGehMxzC6Q/zon3UCjEKbJQYTYKVsL6Yya', '测试用户', '2025-09-23 13:40:25', NULL, NULL);

SET FOREIGN_KEY_CHECKS = 1;
